chart_year,Genre,region,sum
2017,A Cappella,Australia,73311.0
2017,A Cappella,Austria,392082.0
2017,A Cappella,Belgium,44828.0
2017,A Cappella,Canada,730657.0
2017,A Cappella,Denmark,95318.0
2017,A Cappella,Finland,51503.0
2017,A Cappella,Germany,4124712.0
2017,A Cappella,Global,12952665.0
2017,A Cappella,Italy,689847.0
2017,A Cappella,Netherlands,500339.0
2017,A Cappella,New Zealand,12505.0
2017,A Cappella,Philippines,25343.0
2017,A Cappella,Poland,257799.0
2017,A Cappella,Portugal,10682.0
2017,A Cappella,Singapore,11627.0
2017,A Cappella,Sweden,33330.0
2017,A Cappella,Switzerland,239698.0
2017,A Cappella,United States of America,7547168.0
2017,Alternative Dance,Australia,3067541.0
2017,Alternative Dance,Austria,329937.0
2017,Alternative Dance,Belgium,850758.0
2017,Alternative Dance,Canada,222580.0
2017,Alternative Dance,Chile,74733.0
2017,Alternative Dance,Denmark,304937.0
2017,Alternative Dance,Ecuador,153822.0
2017,Alternative Dance,Finland,95008.0
2017,Alternative Dance,France,15728.0
2017,Alternative Dance,Germany,6461343.0
2017,Alternative Dance,Global,16651515.0
2017,Alternative Dance,Ireland,441600.0
2017,Alternative Dance,Italy,139114.0
2017,Alternative Dance,Malaysia,3224.0
2017,Alternative Dance,Mexico,2650702.0
2017,Alternative Dance,Netherlands,168015.0
2017,Alternative Dance,New Zealand,249170.0
2017,Alternative Dance,Norway,664929.0
2017,Alternative Dance,Peru,20149.0
2017,Alternative Dance,Poland,70163.0
2017,Alternative Dance,Portugal,106346.0
2017,Alternative Dance,Spain,49376.0
2017,Alternative Dance,Switzerland,113140.0
2017,Alternative Dance,Taiwan,7154.0
2017,Alternative Hip Hop,Argentina,221736.0
2017,Alternative Hip Hop,Australia,57193901.0
2017,Alternative Hip Hop,Austria,2159550.0
2017,Alternative Hip Hop,Belgium,5316150.0
2017,Alternative Hip Hop,Brazil,4647766.0
2017,Alternative Hip Hop,Canada,74248302.0
2017,Alternative Hip Hop,Chile,124282.0
2017,Alternative Hip Hop,Colombia,669827.0
2017,Alternative Hip Hop,Costa Rica,1088746.0
2017,Alternative Hip Hop,Denmark,14445115.0
2017,Alternative Hip Hop,Ecuador,102123.0
2017,Alternative Hip Hop,Finland,8074850.0
2017,Alternative Hip Hop,France,24769438.0
2017,Alternative Hip Hop,Germany,41185542.0
2017,Alternative Hip Hop,Global,1196410695.0
2017,Alternative Hip Hop,Indonesia,4322936.0
2017,Alternative Hip Hop,Ireland,6350437.0
2017,Alternative Hip Hop,Italy,6540655.0
2017,Alternative Hip Hop,Malaysia,3106928.0
2017,Alternative Hip Hop,Mexico,2235077.0
2017,Alternative Hip Hop,Netherlands,19399846.0
2017,Alternative Hip Hop,New Zealand,12238834.0
2017,Alternative Hip Hop,Norway,16730480.0
2017,Alternative Hip Hop,Philippines,10359712.0
2017,Alternative Hip Hop,Poland,7044585.0
2017,Alternative Hip Hop,Portugal,5717310.0
2017,Alternative Hip Hop,Singapore,4479556.0
2017,Alternative Hip Hop,Spain,5214096.0
2017,Alternative Hip Hop,Sweden,24751066.0
2017,Alternative Hip Hop,Switzerland,5634632.0
2017,Alternative Hip Hop,Taiwan,1273768.0
2017,Alternative Hip Hop,Turkey,8606743.0
2017,Alternative Hip Hop,United States of America,781210559.0
2017,Alternative Metal,Argentina,213668.0
2017,Alternative Metal,Australia,1897793.0
2017,Alternative Metal,Austria,900179.0
2017,Alternative Metal,Belgium,538673.0
2017,Alternative Metal,Brazil,3409006.0
2017,Alternative Metal,Canada,1777338.0
2017,Alternative Metal,Chile,637887.0
2017,Alternative Metal,Colombia,364939.0
2017,Alternative Metal,Costa Rica,386594.0
2017,Alternative Metal,Denmark,163281.0
2017,Alternative Metal,Ecuador,62767.0
2017,Alternative Metal,Finland,828035.0
2017,Alternative Metal,France,730414.0
2017,Alternative Metal,Germany,12985400.0
2017,Alternative Metal,Global,71278646.0
2017,Alternative Metal,Indonesia,1278381.0
2017,Alternative Metal,Ireland,274124.0
2017,Alternative Metal,Italy,2358826.0
2017,Alternative Metal,Malaysia,2011482.0
2017,Alternative Metal,Mexico,975816.0
2017,Alternative Metal,Netherlands,433274.0
2017,Alternative Metal,New Zealand,372125.0
2017,Alternative Metal,Norway,179694.0
2017,Alternative Metal,Peru,427471.0
2017,Alternative Metal,Philippines,10549284.0
2017,Alternative Metal,Poland,1262913.0
2017,Alternative Metal,Portugal,1242944.0
2017,Alternative Metal,Singapore,1266049.0
2017,Alternative Metal,Spain,391849.0
2017,Alternative Metal,Sweden,710674.0
2017,Alternative Metal,Switzerland,548599.0
2017,Alternative Metal,Taiwan,1075820.0
2017,Alternative Metal,Turkey,327891.0
2017,Alternative Metal,United States of America,15718646.0
2017,Alternative Pop,Denmark,8883.0
2017,Alternative Pop,Indonesia,368381.0
2017,Alternative Pop,Ireland,195904.0
2017,Alternative Pop,Malaysia,116690.0
2017,Alternative Pop,Singapore,177930.0
2017,Alternative Pop,Taiwan,1147368.0
2017,Alternative R&b,Australia,43870703.0
2017,Alternative R&b,Austria,970254.0
2017,Alternative R&b,Belgium,2319054.0
2017,Alternative R&b,Brazil,3540428.0
2017,Alternative R&b,Canada,33255996.0
2017,Alternative R&b,Colombia,515173.0
2017,Alternative R&b,Costa Rica,382479.0
2017,Alternative R&b,Denmark,9582236.0
2017,Alternative R&b,Finland,1136172.0
2017,Alternative R&b,France,1244273.0
2017,Alternative R&b,Germany,15491785.0
2017,Alternative R&b,Global,686197015.0
2017,Alternative R&b,Indonesia,9143524.0
2017,Alternative R&b,Ireland,3592979.0
2017,Alternative R&b,Italy,1245205.0
2017,Alternative R&b,Malaysia,5819522.0
2017,Alternative R&b,Mexico,1048741.0
2017,Alternative R&b,Netherlands,8890096.0
2017,Alternative R&b,New Zealand,11848869.0
2017,Alternative R&b,Norway,6178668.0
2017,Alternative R&b,Philippines,38921429.0
2017,Alternative R&b,Poland,3218153.0
2017,Alternative R&b,Portugal,2818964.0
2017,Alternative R&b,Singapore,6894942.0
2017,Alternative R&b,Spain,2655633.0
2017,Alternative R&b,Sweden,7649281.0
2017,Alternative R&b,Switzerland,2244944.0
2017,Alternative R&b,Taiwan,1917004.0
2017,Alternative R&b,Turkey,1536925.0
2017,Alternative R&b,United States of America,416472334.0
2017,Alternative Rock,Argentina,6950419.0
2017,Alternative Rock,Australia,4922911.0
2017,Alternative Rock,Austria,1109381.0
2017,Alternative Rock,Belgium,877139.0
2017,Alternative Rock,Brazil,6388206.0
2017,Alternative Rock,Canada,841101.0
2017,Alternative Rock,Chile,4119291.0
2017,Alternative Rock,Colombia,1274554.0
2017,Alternative Rock,Costa Rica,1246823.0
2017,Alternative Rock,Denmark,651240.0
2017,Alternative Rock,Ecuador,752507.0
2017,Alternative Rock,Finland,299851.0
2017,Alternative Rock,France,101765.0
2017,Alternative Rock,Germany,15256704.0
2017,Alternative Rock,Global,95536330.0
2017,Alternative Rock,Indonesia,6729010.0
2017,Alternative Rock,Ireland,3445466.0
2017,Alternative Rock,Italy,2247180.0
2017,Alternative Rock,Malaysia,5450707.0
2017,Alternative Rock,Mexico,16012512.0
2017,Alternative Rock,Netherlands,1291306.0
2017,Alternative Rock,New Zealand,687723.0
2017,Alternative Rock,Norway,3471381.0
2017,Alternative Rock,Peru,2601047.0
2017,Alternative Rock,Philippines,30251329.0
2017,Alternative Rock,Poland,5552182.0
2017,Alternative Rock,Portugal,583808.0
2017,Alternative Rock,Singapore,5492344.0
2017,Alternative Rock,Spain,424822.0
2017,Alternative Rock,Sweden,16213363.0
2017,Alternative Rock,Switzerland,475108.0
2017,Alternative Rock,Taiwan,1999129.0
2017,Alternative Rock,Turkey,42220.0
2017,Alternative Rock,United States of America,3620764.0
2017,Ambigious / Others,Argentina,10503.0
2017,Ambigious / Others,Australia,26428742.0
2017,Ambigious / Others,Austria,3938799.0
2017,Ambigious / Others,Belgium,8910630.0
2017,Ambigious / Others,Brazil,1138893.0
2017,Ambigious / Others,Canada,14766006.0
2017,Ambigious / Others,Chile,242590.0
2017,Ambigious / Others,Colombia,379147.0
2017,Ambigious / Others,Costa Rica,1994246.0
2017,Ambigious / Others,Denmark,39929003.0
2017,Ambigious / Others,Ecuador,75439.0
2017,Ambigious / Others,Finland,2033255.0
2017,Ambigious / Others,France,18116210.0
2017,Ambigious / Others,Germany,32277965.0
2017,Ambigious / Others,Global,543326108.0
2017,Ambigious / Others,Indonesia,5841153.0
2017,Ambigious / Others,Ireland,15766644.0
2017,Ambigious / Others,Italy,23646960.0
2017,Ambigious / Others,Malaysia,3460060.0
2017,Ambigious / Others,Mexico,1096786.0
2017,Ambigious / Others,Netherlands,51427181.0
2017,Ambigious / Others,New Zealand,7746472.0
2017,Ambigious / Others,Norway,27726069.0
2017,Ambigious / Others,Peru,56360.0
2017,Ambigious / Others,Philippines,16998176.0
2017,Ambigious / Others,Poland,7824840.0
2017,Ambigious / Others,Portugal,3696105.0
2017,Ambigious / Others,Singapore,7089332.0
2017,Ambigious / Others,Spain,5095382.0
2017,Ambigious / Others,Sweden,41288872.0
2017,Ambigious / Others,Switzerland,6485162.0
2017,Ambigious / Others,Taiwan,1276748.0
2017,Ambigious / Others,Turkey,5433264.0
2017,Ambigious / Others,United States of America,97867941.0
2017,Blues,Australia,941020.0
2017,Blues,Belgium,9594.0
2017,Blues,Canada,74052.0
2017,Blues,Chile,19705.0
2017,Blues,Denmark,194132.0
2017,Blues,Ecuador,2063.0
2017,Blues,Global,3969975.0
2017,Blues,Ireland,239111.0
2017,Blues,Italy,23235.0
2017,Blues,Mexico,65602.0
2017,Blues,New Zealand,230401.0
2017,Blues,Norway,473461.0
2017,Blues,Philippines,116021.0
2017,Blues,Portugal,10862.0
2017,Blues,Spain,64008.0
2017,Blues,Sweden,95755.0
2017,Blues,Taiwan,8299.0
2017,Blues,United States of America,1283367.0
2017,Country,Australia,17428846.0
2017,Country,Belgium,441188.0
2017,Country,Canada,59251346.0
2017,Country,Global,285788264.0
2017,Country,Indonesia,189367.0
2017,Country,Ireland,209581.0
2017,Country,Italy,492445.0
2017,Country,Malaysia,3394.0
2017,Country,Netherlands,241291.0
2017,Country,New Zealand,3660537.0
2017,Country,Norway,19763.0
2017,Country,Philippines,594133.0
2017,Country,Poland,481563.0
2017,Country,Portugal,276794.0
2017,Country,Singapore,465186.0
2017,Country,Switzerland,483593.0
2017,Country,Taiwan,336570.0
2017,Country,Turkey,122180.0
2017,Country,United States of America,760276078.0
2017,Dance,Argentina,184691.0
2017,Dance,Australia,5276286.0
2017,Dance,Austria,90117.0
2017,Dance,Belgium,480775.0
2017,Dance,Brazil,1230945.0
2017,Dance,Canada,1343426.0
2017,Dance,Chile,917838.0
2017,Dance,Colombia,313122.0
2017,Dance,Costa Rica,566182.0
2017,Dance,Denmark,209418.0
2017,Dance,Ecuador,52388.0
2017,Dance,Finland,441331.0
2017,Dance,France,218481.0
2017,Dance,Germany,1550536.0
2017,Dance,Global,15120658.0
2017,Dance,Indonesia,65187.0
2017,Dance,Ireland,763305.0
2017,Dance,Italy,540273.0
2017,Dance,Malaysia,32675.0
2017,Dance,Mexico,241482.0
2017,Dance,Netherlands,716139.0
2017,Dance,New Zealand,450460.0
2017,Dance,Norway,185469.0
2017,Dance,Peru,340881.0
2017,Dance,Philippines,37428.0
2017,Dance,Poland,502905.0
2017,Dance,Portugal,126294.0
2017,Dance,Singapore,43129.0
2017,Dance,Spain,1024513.0
2017,Dance,Sweden,190226.0
2017,Dance,Switzerland,140285.0
2017,Dance,Taiwan,73978.0
2017,Dance,Turkey,753967.0
2017,Dance,United States of America,1960851.0
2017,EDM,Argentina,5262037.0
2017,EDM,Australia,39231122.0
2017,EDM,Austria,15868654.0
2017,EDM,Belgium,15700017.0
2017,EDM,Brazil,38745567.0
2017,EDM,Canada,36006692.0
2017,EDM,Chile,6827520.0
2017,EDM,Colombia,5310833.0
2017,EDM,Costa Rica,4413241.0
2017,EDM,Denmark,24439404.0
2017,EDM,Ecuador,2510663.0
2017,EDM,Finland,39116007.0
2017,EDM,France,41155019.0
2017,EDM,Germany,223637001.0
2017,EDM,Global,1397710632.0
2017,EDM,Indonesia,36423224.0
2017,EDM,Ireland,15680264.0
2017,EDM,Italy,50335105.0
2017,EDM,Malaysia,19090764.0
2017,EDM,Mexico,69348163.0
2017,EDM,Netherlands,72817736.0
2017,EDM,New Zealand,8985700.0
2017,EDM,Norway,97694572.0
2017,EDM,Peru,10644433.0
2017,EDM,Philippines,18831415.0
2017,EDM,Poland,25507089.0
2017,EDM,Portugal,6502501.0
2017,EDM,Singapore,22920257.0
2017,EDM,Spain,36333670.0
2017,EDM,Sweden,149159462.0
2017,EDM,Switzerland,19939146.0
2017,EDM,Taiwan,12366067.0
2017,EDM,Turkey,8556023.0
2017,EDM,United States of America,129205939.0
2017,Electronica,Australia,643466.0
2017,Electronica,Austria,3917.0
2017,Electronica,Canada,2189923.0
2017,Electronica,Denmark,216195.0
2017,Electronica,France,1962659.0
2017,Electronica,Germany,84316.0
2017,Electronica,Global,8488223.0
2017,Electronica,Ireland,1948828.0
2017,Electronica,Italy,17064.0
2017,Electronica,New Zealand,26369.0
2017,Electronica,Spain,21242.0
2017,Electronica,Sweden,25250.0
2017,Electronica,Taiwan,8901.0
2017,Electronica,Turkey,17100.0
2017,Electronica,United States of America,189260.0
2017,Folk,Argentina,216199.0
2017,Folk,Australia,19469348.0
2017,Folk,Austria,500270.0
2017,Folk,Belgium,1392234.0
2017,Folk,Brazil,2514373.0
2017,Folk,Canada,6989154.0
2017,Folk,Chile,669841.0
2017,Folk,Colombia,85043.0
2017,Folk,Costa Rica,145344.0
2017,Folk,Ecuador,81276.0
2017,Folk,Finland,35891.0
2017,Folk,France,1373595.0
2017,Folk,Germany,2251263.0
2017,Folk,Global,99425660.0
2017,Folk,Indonesia,1897231.0
2017,Folk,Ireland,12347628.0
2017,Folk,Italy,761634.0
2017,Folk,Malaysia,245965.0
2017,Folk,Mexico,2121843.0
2017,Folk,Netherlands,1083814.0
2017,Folk,New Zealand,1239453.0
2017,Folk,Norway,4070500.0
2017,Folk,Peru,132702.0
2017,Folk,Philippines,1009436.0
2017,Folk,Poland,2148545.0
2017,Folk,Portugal,375163.0
2017,Folk,Singapore,435223.0
2017,Folk,Spain,757962.0
2017,Folk,Sweden,2601659.0
2017,Folk,Switzerland,1161063.0
2017,Folk,Taiwan,203812.0
2017,Folk,Turkey,496658.0
2017,Folk,United States of America,39131369.0
2017,Funk,Australia,42212.0
2017,Funk,Belgium,26671.0
2017,Funk,Finland,8111.0
2017,Funk,Ireland,33421.0
2017,Funk,Poland,12141.0
2017,Funk,Sweden,36075.0
2017,Funk,United States of America,943794.0
2017,Hip Hop,Argentina,6959187.0
2017,Hip Hop,Australia,64580454.0
2017,Hip Hop,Austria,2378355.0
2017,Hip Hop,Belgium,4809748.0
2017,Hip Hop,Brazil,10160069.0
2017,Hip Hop,Canada,165841496.0
2017,Hip Hop,Chile,1942115.0
2017,Hip Hop,Colombia,2103521.0
2017,Hip Hop,Costa Rica,1506478.0
2017,Hip Hop,Denmark,23254865.0
2017,Hip Hop,Ecuador,528611.0
2017,Hip Hop,Finland,4957728.0
2017,Hip Hop,France,30438054.0
2017,Hip Hop,Germany,50912100.0
2017,Hip Hop,Global,1785602079.0
2017,Hip Hop,Indonesia,12505659.0
2017,Hip Hop,Ireland,9186524.0
2017,Hip Hop,Italy,50475895.0
2017,Hip Hop,Malaysia,2403191.0
2017,Hip Hop,Mexico,20596696.0
2017,Hip Hop,Netherlands,32942492.0
2017,Hip Hop,New Zealand,22241977.0
2017,Hip Hop,Norway,10598037.0
2017,Hip Hop,Peru,941544.0
2017,Hip Hop,Philippines,16388702.0
2017,Hip Hop,Poland,6027337.0
2017,Hip Hop,Portugal,7403168.0
2017,Hip Hop,Singapore,3378520.0
2017,Hip Hop,Spain,7876388.0
2017,Hip Hop,Sweden,28248735.0
2017,Hip Hop,Switzerland,5802230.0
2017,Hip Hop,Taiwan,1392394.0
2017,Hip Hop,Turkey,4230521.0
2017,Hip Hop,United States of America,1880910413.0
2017,Indie,Australia,8860218.0
2017,Indie,Austria,86622.0
2017,Indie,Belgium,3644262.0
2017,Indie,Canada,2960005.0
2017,Indie,France,2230512.0
2017,Indie,Germany,184850.0
2017,Indie,Global,3927392.0
2017,Indie,Indonesia,5704643.0
2017,Indie,Ireland,892325.0
2017,Indie,Italy,1052256.0
2017,Indie,Malaysia,709467.0
2017,Indie,Netherlands,5852753.0
2017,Indie,New Zealand,12091.0
2017,Indie,Norway,102044.0
2017,Indie,Philippines,363197.0
2017,Indie,Poland,213903.0
2017,Indie,Portugal,48985.0
2017,Indie,Singapore,812213.0
2017,Indie,Sweden,290633.0
2017,Indie,Switzerland,162792.0
2017,Indie,Taiwan,619725.0
2017,Indie,Turkey,180007.0
2017,Indie,United States of America,8042753.0
2017,Jazz,Global,862954.0
2017,Jazz,Ireland,1671524.0
2017,Jazz,Netherlands,238426.0
2017,Jazz,Norway,85550.0
2017,K-pop,Argentina,17202.0
2017,K-pop,Australia,41199.0
2017,K-pop,Austria,7013.0
2017,K-pop,Brazil,354430.0
2017,K-pop,Canada,175237.0
2017,K-pop,Chile,84742.0
2017,K-pop,Colombia,4583.0
2017,K-pop,Costa Rica,2355.0
2017,K-pop,Ecuador,2302.0
2017,K-pop,Finland,18366.0
2017,K-pop,Global,6294070.0
2017,K-pop,Indonesia,5761720.0
2017,K-pop,Malaysia,3139718.0
2017,K-pop,New Zealand,10135.0
2017,K-pop,Peru,78041.0
2017,K-pop,Philippines,3398286.0
2017,K-pop,Poland,76350.0
2017,K-pop,Portugal,23319.0
2017,K-pop,Singapore,3437386.0
2017,K-pop,Taiwan,1389943.0
2017,K-pop,Turkey,99477.0
2017,K-pop,United States of America,1356962.0
2017,Metal,Australia,221125.0
2017,Metal,Austria,3348.0
2017,Metal,Brazil,97843.0
2017,Metal,Costa Rica,24003.0
2017,Metal,Denmark,99035.0
2017,Metal,Finland,83205.0
2017,Metal,Ireland,54584.0
2017,Metal,New Zealand,130653.0
2017,Metal,Portugal,14768.0
2017,Metal,Singapore,3304.0
2017,Metal,Sweden,135622.0
2017,Metal,Switzerland,9054.0
2017,Pop,Argentina,101839840.0
2017,Pop,Australia,886888193.0
2017,Pop,Austria,50576948.0
2017,Pop,Belgium,95186944.0
2017,Pop,Brazil,513068876.0
2017,Pop,Canada,583476854.0
2017,Pop,Chile,63664309.0
2017,Pop,Colombia,48274974.0
2017,Pop,Costa Rica,34350385.0
2017,Pop,Denmark,210658273.0
2017,Pop,Ecuador,15270356.0
2017,Pop,Finland,86220914.0
2017,Pop,France,168593839.0
2017,Pop,Germany,700002214.0
2017,Pop,Global,14016825366.0
2017,Pop,Indonesia,228069810.0
2017,Pop,Ireland,156837958.0
2017,Pop,Italy,206436228.0
2017,Pop,Malaysia,135148809.0
2017,Pop,Mexico,342636659.0
2017,Pop,Netherlands,403753135.0
2017,Pop,New Zealand,197512679.0
2017,Pop,Norway,275939498.0
2017,Pop,Peru,44904890.0
2017,Pop,Philippines,708280675.0
2017,Pop,Poland,137844722.0
2017,Pop,Portugal,69850965.0
2017,Pop,Singapore,167299293.0
2017,Pop,Spain,261848478.0
2017,Pop,Sweden,480489185.0
2017,Pop,Switzerland,82620337.0
2017,Pop,Taiwan,69479676.0
2017,Pop,Turkey,88629713.0
2017,Pop,United States of America,3871721872.0
2017,Punk,Australia,174846.0
2017,Punk,Austria,4415.0
2017,Punk,Ireland,8886.0
2017,R&b,Argentina,23531.0
2017,R&b,Australia,11266579.0
2017,R&b,Austria,903028.0
2017,R&b,Belgium,886077.0
2017,R&b,Brazil,5758262.0
2017,R&b,Canada,29962395.0
2017,R&b,Chile,144706.0
2017,R&b,Colombia,143473.0
2017,R&b,Costa Rica,75871.0
2017,R&b,Denmark,6087602.0
2017,R&b,Ecuador,46160.0
2017,R&b,Finland,1448895.0
2017,R&b,France,775868.0
2017,R&b,Germany,13591575.0
2017,R&b,Global,298552783.0
2017,R&b,Indonesia,1803058.0
2017,R&b,Ireland,702850.0
2017,R&b,Italy,3937407.0
2017,R&b,Malaysia,3611646.0
2017,R&b,Mexico,26644.0
2017,R&b,Netherlands,7895781.0
2017,R&b,New Zealand,2429651.0
2017,R&b,Norway,2746446.0
2017,R&b,Peru,35093.0
2017,R&b,Philippines,5903437.0
2017,R&b,Poland,2751554.0
2017,R&b,Portugal,2383831.0
2017,R&b,Singapore,2292100.0
2017,R&b,Spain,793645.0
2017,R&b,Sweden,14521170.0
2017,R&b,Switzerland,1344242.0
2017,R&b,Taiwan,442719.0
2017,R&b,Turkey,1265149.0
2017,R&b,United States of America,205651630.0
2017,Rap,Argentina,1731222.0
2017,Rap,Australia,128256602.0
2017,Rap,Austria,4153987.0
2017,Rap,Belgium,8529619.0
2017,Rap,Brazil,22615110.0
2017,Rap,Canada,163337928.0
2017,Rap,Chile,2996261.0
2017,Rap,Colombia,902758.0
2017,Rap,Costa Rica,1641277.0
2017,Rap,Denmark,34641346.0
2017,Rap,Ecuador,449634.0
2017,Rap,Finland,14715596.0
2017,Rap,France,12698359.0
2017,Rap,Germany,67811156.0
2017,Rap,Global,2903764400.0
2017,Rap,Indonesia,6946765.0
2017,Rap,Ireland,9808309.0
2017,Rap,Italy,37993113.0
2017,Rap,Malaysia,6031162.0
2017,Rap,Mexico,12746663.0
2017,Rap,Netherlands,18664377.0
2017,Rap,New Zealand,33222009.0
2017,Rap,Norway,42387624.0
2017,Rap,Peru,632250.0
2017,Rap,Philippines,21917441.0
2017,Rap,Poland,18669935.0
2017,Rap,Portugal,12608543.0
2017,Rap,Singapore,6143004.0
2017,Rap,Spain,8155492.0
2017,Rap,Sweden,54109552.0
2017,Rap,Switzerland,8580151.0
2017,Rap,Taiwan,2217933.0
2017,Rap,Turkey,5775948.0
2017,Rap,United States of America,2362578443.0
2017,Reggae,Australia,6188389.0
2017,Reggae,Belgium,12222.0
2017,Reggae,Ireland,16261.0
2017,Reggae,Netherlands,21018.0
2017,Reggae,New Zealand,1092331.0
2017,Reggae,Switzerland,2431.0
2017,Reggae,Taiwan,2292.0
2017,Rock,Argentina,30365019.0
2017,Rock,Australia,119653671.0
2017,Rock,Austria,24740911.0
2017,Rock,Belgium,28871476.0
2017,Rock,Brazil,143220703.0
2017,Rock,Canada,126397320.0
2017,Rock,Chile,23907906.0
2017,Rock,Colombia,13853856.0
2017,Rock,Costa Rica,9878380.0
2017,Rock,Denmark,30812195.0
2017,Rock,Ecuador,4969523.0
2017,Rock,Finland,35404636.0
2017,Rock,France,103413508.0
2017,Rock,Germany,302028849.0
2017,Rock,Global,3465997717.0
2017,Rock,Indonesia,45250542.0
2017,Rock,Ireland,25890601.0
2017,Rock,Italy,105627472.0
2017,Rock,Malaysia,21976041.0
2017,Rock,Mexico,163964577.0
2017,Rock,Netherlands,142744041.0
2017,Rock,New Zealand,35960699.0
2017,Rock,Norway,86898063.0
2017,Rock,Peru,11735147.0
2017,Rock,Philippines,100756965.0
2017,Rock,Poland,58771045.0
2017,Rock,Portugal,19756298.0
2017,Rock,Singapore,30582509.0
2017,Rock,Spain,66695926.0
2017,Rock,Sweden,112421489.0
2017,Rock,Switzerland,25430560.0
2017,Rock,Taiwan,11790805.0
2017,Rock,Turkey,46758756.0
2017,Rock,United States of America,985483237.0
2017,Soul,Argentina,200125.0
2017,Soul,Australia,7438303.0
2017,Soul,Austria,1681540.0
2017,Soul,Belgium,3754553.0
2017,Soul,Brazil,130336.0
2017,Soul,Canada,311624.0
2017,Soul,Chile,322293.0
2017,Soul,Colombia,683937.0
2017,Soul,Costa Rica,763770.0
2017,Soul,Denmark,6064629.0
2017,Soul,Ecuador,113039.0
2017,Soul,Finland,4218553.0
2017,Soul,France,21245516.0
2017,Soul,Germany,24325404.0
2017,Soul,Global,218116716.0
2017,Soul,Indonesia,2999164.0
2017,Soul,Ireland,5073550.0
2017,Soul,Italy,8341161.0
2017,Soul,Malaysia,2230266.0
2017,Soul,Mexico,1179049.0
2017,Soul,Netherlands,13946982.0
2017,Soul,New Zealand,5744239.0
2017,Soul,Norway,18649092.0
2017,Soul,Peru,235599.0
2017,Soul,Philippines,4464134.0
2017,Soul,Poland,5423191.0
2017,Soul,Portugal,2039017.0
2017,Soul,Singapore,1730871.0
2017,Soul,Spain,4727722.0
2017,Soul,Sweden,18752603.0
2017,Soul,Switzerland,2967262.0
2017,Soul,Taiwan,171867.0
2017,Soul,Turkey,7178199.0
2017,Soul,United States of America,2322341.0
2018,A Cappella,Australia,197650.0
2018,A Cappella,Austria,470287.0
2018,A Cappella,Belgium,41702.0
2018,A Cappella,Canada,930361.0
2018,A Cappella,Denmark,15286.0
2018,A Cappella,Finland,22488.0
2018,A Cappella,Germany,5121221.0
2018,A Cappella,Global,11201250.0
2018,A Cappella,Italy,371636.0
2018,A Cappella,Malaysia,12219.0
2018,A Cappella,Netherlands,208202.0
2018,A Cappella,New Zealand,42547.0
2018,A Cappella,Norway,98242.0
2018,A Cappella,Philippines,36967.0
2018,A Cappella,Poland,163375.0
2018,A Cappella,Portugal,13230.0
2018,A Cappella,Singapore,20181.0
2018,A Cappella,Sweden,321068.0
2018,A Cappella,Switzerland,197547.0
2018,A Cappella,Taiwan,8191.0
2018,A Cappella,United States of America,6177945.0
2018,Alternative Dance,Australia,476376.0
2018,Alternative Dance,Belgium,20048.0
2018,Alternative Dance,Canada,26802.0
2018,Alternative Dance,Germany,129171.0
2018,Alternative Dance,Ireland,24185.0
2018,Alternative Dance,New Zealand,5910.0
2018,Alternative Dance,Norway,42988.0
2018,Alternative Dance,Portugal,19062.0
2018,Alternative Hip Hop,Argentina,625851.0
2018,Alternative Hip Hop,Australia,61748185.0
2018,Alternative Hip Hop,Austria,863582.0
2018,Alternative Hip Hop,Belgium,3880156.0
2018,Alternative Hip Hop,Brazil,6990137.0
2018,Alternative Hip Hop,Canada,76629651.0
2018,Alternative Hip Hop,Chile,658449.0
2018,Alternative Hip Hop,Colombia,638609.0
2018,Alternative Hip Hop,Costa Rica,549839.0
2018,Alternative Hip Hop,Denmark,4681611.0
2018,Alternative Hip Hop,Ecuador,136307.0
2018,Alternative Hip Hop,Finland,2450734.0
2018,Alternative Hip Hop,France,14491777.0
2018,Alternative Hip Hop,Germany,13852716.0
2018,Alternative Hip Hop,Global,1054792608.0
2018,Alternative Hip Hop,Indonesia,2661743.0
2018,Alternative Hip Hop,Ireland,5084299.0
2018,Alternative Hip Hop,Italy,2363859.0
2018,Alternative Hip Hop,Malaysia,1792792.0
2018,Alternative Hip Hop,Mexico,4122521.0
2018,Alternative Hip Hop,Netherlands,6992634.0
2018,Alternative Hip Hop,New Zealand,13478544.0
2018,Alternative Hip Hop,Norway,7268932.0
2018,Alternative Hip Hop,Peru,245077.0
2018,Alternative Hip Hop,Philippines,5941395.0
2018,Alternative Hip Hop,Poland,3316571.0
2018,Alternative Hip Hop,Portugal,3355872.0
2018,Alternative Hip Hop,Singapore,2110662.0
2018,Alternative Hip Hop,Spain,2553019.0
2018,Alternative Hip Hop,Sweden,12169301.0
2018,Alternative Hip Hop,Switzerland,3648109.0
2018,Alternative Hip Hop,Taiwan,1137675.0
2018,Alternative Hip Hop,Turkey,3683386.0
2018,Alternative Hip Hop,United States of America,794286864.0
2018,Alternative Metal,Austria,132344.0
2018,Alternative Metal,Canada,3856914.0
2018,Alternative Metal,Costa Rica,5268.0
2018,Alternative Metal,Finland,1384898.0
2018,Alternative Metal,Germany,2184178.0
2018,Alternative Metal,Global,793624.0
2018,Alternative Metal,Ireland,12710.0
2018,Alternative Metal,Malaysia,162651.0
2018,Alternative Metal,New Zealand,42057.0
2018,Alternative Metal,Norway,10929.0
2018,Alternative Metal,Philippines,8425394.0
2018,Alternative Metal,Poland,10826.0
2018,Alternative Metal,Portugal,3348.0
2018,Alternative Metal,Singapore,5558.0
2018,Alternative Metal,Sweden,2802176.0
2018,Alternative Metal,Taiwan,2656.0
2018,Alternative Metal,United States of America,392688.0
2018,Alternative Pop,Australia,16333524.0
2018,Alternative Pop,New Zealand,738318.0
2018,Alternative Pop,Singapore,25390.0
2018,Alternative Pop,Taiwan,643039.0
2018,Alternative R&b,Australia,70000274.0
2018,Alternative R&b,Austria,1786035.0
2018,Alternative R&b,Belgium,3619621.0
2018,Alternative R&b,Brazil,3773838.0
2018,Alternative R&b,Canada,56950554.0
2018,Alternative R&b,Colombia,135900.0
2018,Alternative R&b,Costa Rica,540062.0
2018,Alternative R&b,Denmark,15753714.0
2018,Alternative R&b,Finland,2422349.0
2018,Alternative R&b,France,1960201.0
2018,Alternative R&b,Germany,25124022.0
2018,Alternative R&b,Global,939893993.0
2018,Alternative R&b,Indonesia,21529938.0
2018,Alternative R&b,Ireland,8246389.0
2018,Alternative R&b,Italy,2283510.0
2018,Alternative R&b,Malaysia,10550543.0
2018,Alternative R&b,Mexico,500691.0
2018,Alternative R&b,Netherlands,12952760.0
2018,Alternative R&b,New Zealand,14415660.0
2018,Alternative R&b,Norway,11257631.0
2018,Alternative R&b,Philippines,44152218.0
2018,Alternative R&b,Poland,3189966.0
2018,Alternative R&b,Portugal,5580215.0
2018,Alternative R&b,Singapore,9928703.0
2018,Alternative R&b,Spain,2056070.0
2018,Alternative R&b,Sweden,15373107.0
2018,Alternative R&b,Switzerland,3256595.0
2018,Alternative R&b,Taiwan,3251117.0
2018,Alternative R&b,Turkey,1359646.0
2018,Alternative R&b,United States of America,449642813.0
2018,Alternative Rock,Argentina,6702325.0
2018,Alternative Rock,Australia,7154590.0
2018,Alternative Rock,Austria,874138.0
2018,Alternative Rock,Belgium,430200.0
2018,Alternative Rock,Brazil,3543749.0
2018,Alternative Rock,Canada,1552791.0
2018,Alternative Rock,Chile,3491719.0
2018,Alternative Rock,Colombia,1798021.0
2018,Alternative Rock,Costa Rica,1357846.0
2018,Alternative Rock,Denmark,1410185.0
2018,Alternative Rock,Ecuador,907022.0
2018,Alternative Rock,Finland,137646.0
2018,Alternative Rock,France,218832.0
2018,Alternative Rock,Germany,4378448.0
2018,Alternative Rock,Global,41687574.0
2018,Alternative Rock,Indonesia,4091211.0
2018,Alternative Rock,Ireland,2184758.0
2018,Alternative Rock,Italy,494209.0
2018,Alternative Rock,Malaysia,4593813.0
2018,Alternative Rock,Mexico,20593835.0
2018,Alternative Rock,Netherlands,1564055.0
2018,Alternative Rock,New Zealand,405825.0
2018,Alternative Rock,Norway,3544224.0
2018,Alternative Rock,Peru,3544664.0
2018,Alternative Rock,Philippines,25092666.0
2018,Alternative Rock,Poland,5662089.0
2018,Alternative Rock,Portugal,544502.0
2018,Alternative Rock,Singapore,2120695.0
2018,Alternative Rock,Spain,405402.0
2018,Alternative Rock,Sweden,3021294.0
2018,Alternative Rock,Switzerland,268180.0
2018,Alternative Rock,Taiwan,245280.0
2018,Alternative Rock,United States of America,6162877.0
2018,Ambigious / Others,Argentina,5560369.0
2018,Ambigious / Others,Australia,118313524.0
2018,Ambigious / Others,Austria,6727790.0
2018,Ambigious / Others,Belgium,14485809.0
2018,Ambigious / Others,Brazil,20703910.0
2018,Ambigious / Others,Canada,75040063.0
2018,Ambigious / Others,Chile,5344092.0
2018,Ambigious / Others,Colombia,9851409.0
2018,Ambigious / Others,Costa Rica,2684878.0
2018,Ambigious / Others,Denmark,46582689.0
2018,Ambigious / Others,Ecuador,4815020.0
2018,Ambigious / Others,Finland,13519372.0
2018,Ambigious / Others,France,53782674.0
2018,Ambigious / Others,Germany,68289634.0
2018,Ambigious / Others,Global,1531900073.0
2018,Ambigious / Others,Indonesia,42284491.0
2018,Ambigious / Others,Ireland,27340516.0
2018,Ambigious / Others,Italy,31948676.0
2018,Ambigious / Others,Malaysia,34662764.0
2018,Ambigious / Others,Mexico,26636070.0
2018,Ambigious / Others,Netherlands,65060713.0
2018,Ambigious / Others,New Zealand,29320375.0
2018,Ambigious / Others,Norway,57840878.0
2018,Ambigious / Others,Peru,15220153.0
2018,Ambigious / Others,Philippines,100609221.0
2018,Ambigious / Others,Poland,24805616.0
2018,Ambigious / Others,Portugal,8103673.0
2018,Ambigious / Others,Singapore,33946722.0
2018,Ambigious / Others,Spain,27701690.0
2018,Ambigious / Others,Sweden,80231700.0
2018,Ambigious / Others,Switzerland,8687394.0
2018,Ambigious / Others,Taiwan,7854638.0
2018,Ambigious / Others,Turkey,2642796.0
2018,Ambigious / Others,United States of America,497587381.0
2018,Blues,Australia,1613919.0
2018,Blues,Austria,14645.0
2018,Blues,Belgium,148416.0
2018,Blues,Canada,1221382.0
2018,Blues,Denmark,520533.0
2018,Blues,Germany,130010.0
2018,Blues,Global,16274765.0
2018,Blues,Ireland,663157.0
2018,Blues,Italy,45842.0
2018,Blues,Malaysia,11477.0
2018,Blues,Netherlands,527317.0
2018,Blues,New Zealand,449586.0
2018,Blues,Norway,566383.0
2018,Blues,Philippines,65626.0
2018,Blues,Poland,16246.0
2018,Blues,Portugal,43434.0
2018,Blues,Singapore,31277.0
2018,Blues,Spain,71112.0
2018,Blues,Sweden,555373.0
2018,Blues,Switzerland,152123.0
2018,Blues,United States of America,3842405.0
2018,Country,Australia,9788086.0
2018,Country,Belgium,28162.0
2018,Country,Canada,79675246.0
2018,Country,Denmark,16963.0
2018,Country,Global,49207085.0
2018,Country,Ireland,47477.0
2018,Country,Malaysia,33167.0
2018,Country,Netherlands,596101.0
2018,Country,New Zealand,2897712.0
2018,Country,Norway,167337.0
2018,Country,Portugal,13812.0
2018,Country,Singapore,46289.0
2018,Country,Sweden,112113.0
2018,Country,Switzerland,29643.0
2018,Country,Taiwan,21705.0
2018,Country,United States of America,938761848.0
2018,Dance,Australia,3291145.0
2018,Dance,Austria,16234.0
2018,Dance,Belgium,616315.0
2018,Dance,Canada,215151.0
2018,Dance,Costa Rica,75573.0
2018,Dance,Denmark,657732.0
2018,Dance,Finland,196105.0
2018,Dance,France,1288464.0
2018,Dance,Germany,182798.0
2018,Dance,Global,10191773.0
2018,Dance,Ireland,1085332.0
2018,Dance,Malaysia,8871.0
2018,Dance,Mexico,52279.0
2018,Dance,Netherlands,259485.0
2018,Dance,New Zealand,653965.0
2018,Dance,Norway,112282.0
2018,Dance,Poland,871053.0
2018,Dance,Sweden,969037.0
2018,Dance,Switzerland,13923.0
2018,Dance,Taiwan,54012.0
2018,Dance,Turkey,29255.0
2018,Dance,United States of America,3005332.0
2018,EDM,Argentina,498824.0
2018,EDM,Australia,5671170.0
2018,EDM,Austria,6543072.0
2018,EDM,Belgium,10389502.0
2018,EDM,Brazil,10889144.0
2018,EDM,Canada,5873184.0
2018,EDM,Chile,442800.0
2018,EDM,Colombia,1355518.0
2018,EDM,Costa Rica,2193473.0
2018,EDM,Denmark,6395294.0
2018,EDM,Ecuador,626284.0
2018,EDM,Finland,13799322.0
2018,EDM,France,6453092.0
2018,EDM,Germany,76357080.0
2018,EDM,Global,475423331.0
2018,EDM,Indonesia,17137876.0
2018,EDM,Ireland,3426240.0
2018,EDM,Italy,23333776.0
2018,EDM,Malaysia,6266739.0
2018,EDM,Mexico,7610614.0
2018,EDM,Netherlands,23088073.0
2018,EDM,New Zealand,881794.0
2018,EDM,Norway,29443738.0
2018,EDM,Peru,5384988.0
2018,EDM,Philippines,1169123.0
2018,EDM,Poland,17583236.0
2018,EDM,Portugal,1836806.0
2018,EDM,Singapore,10682751.0
2018,EDM,Spain,7385623.0
2018,EDM,Sweden,63803104.0
2018,EDM,Switzerland,9509508.0
2018,EDM,Taiwan,4062120.0
2018,EDM,Turkey,4184075.0
2018,EDM,United States of America,10818138.0
2018,Electronica,Australia,33075252.0
2018,Electronica,Ireland,41102.0
2018,Electronica,New Zealand,1755498.0
2018,Electronica,Poland,195184.0
2018,Folk,Australia,33393492.0
2018,Folk,Austria,218942.0
2018,Folk,Belgium,1097190.0
2018,Folk,Canada,3766931.0
2018,Folk,Costa Rica,4941.0
2018,Folk,Finland,72816.0
2018,Folk,France,27067.0
2018,Folk,Germany,142197.0
2018,Folk,Global,14871108.0
2018,Folk,Indonesia,4373855.0
2018,Folk,Ireland,12550775.0
2018,Folk,Netherlands,2126574.0
2018,Folk,New Zealand,1033114.0
2018,Folk,Norway,2034251.0
2018,Folk,Poland,2500540.0
2018,Folk,Portugal,5884.0
2018,Folk,Sweden,327995.0
2018,Folk,Switzerland,500345.0
2018,Folk,Turkey,10811.0
2018,Folk,United States of America,5944154.0
2018,Funk,Ireland,4877.0
2018,Funk,Netherlands,43691.0
2018,Hip Hop,Argentina,29396030.0
2018,Hip Hop,Australia,164972969.0
2018,Hip Hop,Austria,13887617.0
2018,Hip Hop,Belgium,15526849.0
2018,Hip Hop,Brazil,52822856.0
2018,Hip Hop,Canada,265723249.0
2018,Hip Hop,Chile,8590065.0
2018,Hip Hop,Colombia,5094163.0
2018,Hip Hop,Costa Rica,3988597.0
2018,Hip Hop,Denmark,47367337.0
2018,Hip Hop,Ecuador,1468134.0
2018,Hip Hop,Finland,16510943.0
2018,Hip Hop,France,51310128.0
2018,Hip Hop,Germany,261188614.0
2018,Hip Hop,Global,3594035883.0
2018,Hip Hop,Indonesia,16046927.0
2018,Hip Hop,Ireland,30136021.0
2018,Hip Hop,Italy,186898174.0
2018,Hip Hop,Malaysia,8794284.0
2018,Hip Hop,Mexico,46344119.0
2018,Hip Hop,Netherlands,76231848.0
2018,Hip Hop,New Zealand,36722905.0
2018,Hip Hop,Norway,38865736.0
2018,Hip Hop,Peru,4708782.0
2018,Hip Hop,Philippines,32047457.0
2018,Hip Hop,Poland,14319196.0
2018,Hip Hop,Portugal,17510931.0
2018,Hip Hop,Singapore,10420165.0
2018,Hip Hop,Spain,22004008.0
2018,Hip Hop,Sweden,60130543.0
2018,Hip Hop,Switzerland,21806383.0
2018,Hip Hop,Taiwan,3934247.0
2018,Hip Hop,Turkey,21827921.0
2018,Hip Hop,United States of America,2130107370.0
2018,Indie,Australia,19231281.0
2018,Indie,Austria,7315.0
2018,Indie,Belgium,1190142.0
2018,Indie,Canada,57777.0
2018,Indie,Indonesia,8458124.0
2018,Indie,Ireland,373789.0
2018,Indie,Italy,32037.0
2018,Indie,Malaysia,4325.0
2018,Indie,Netherlands,6454994.0
2018,Indie,New Zealand,237299.0
2018,Indie,Norway,1926432.0
2018,Indie,Poland,18314.0
2018,Indie,Portugal,9959.0
2018,Indie,Sweden,136857.0
2018,Indie,Taiwan,4020.0
2018,Indie,Turkey,88346.0
2018,Jazz,Austria,1052394.0
2018,Jazz,Denmark,3885350.0
2018,Jazz,Germany,43187708.0
2018,Jazz,Global,69139364.0
2018,Jazz,Ireland,3201754.0
2018,Jazz,Netherlands,153250.0
2018,Jazz,Norway,49948.0
2018,Jazz,Portugal,1352238.0
2018,Jazz,Sweden,2088099.0
2018,Jazz,Switzerland,3044108.0
2018,Jazz,Taiwan,2887.0
2018,K-pop,Argentina,60619.0
2018,K-pop,Australia,212981.0
2018,K-pop,Austria,5917.0
2018,K-pop,Brazil,141512.0
2018,K-pop,Canada,323173.0
2018,K-pop,Chile,96766.0
2018,K-pop,Colombia,17884.0
2018,K-pop,Costa Rica,12966.0
2018,K-pop,Ecuador,9473.0
2018,K-pop,Global,11817848.0
2018,K-pop,Indonesia,8665766.0
2018,K-pop,Malaysia,3488465.0
2018,K-pop,New Zealand,39842.0
2018,K-pop,Peru,85039.0
2018,K-pop,Philippines,3466844.0
2018,K-pop,Poland,99447.0
2018,K-pop,Portugal,29635.0
2018,K-pop,Singapore,4357124.0
2018,K-pop,Taiwan,1673473.0
2018,K-pop,Turkey,133087.0
2018,K-pop,United States of America,2767565.0
2018,Metal,Australia,266746.0
2018,Metal,Canada,39225.0
2018,Metal,Colombia,58264.0
2018,Metal,Costa Rica,95929.0
2018,Metal,Denmark,85756.0
2018,Metal,Finland,544684.0
2018,Metal,Indonesia,98761.0
2018,Metal,New Zealand,62488.0
2018,Metal,Norway,80768.0
2018,Metal,Sweden,951826.0
2018,Metal,Taiwan,3202.0
2018,Pop,Argentina,40490161.0
2018,Pop,Australia,804296287.0
2018,Pop,Austria,58677024.0
2018,Pop,Belgium,93990825.0
2018,Pop,Brazil,198397654.0
2018,Pop,Canada,482303034.0
2018,Pop,Chile,32838168.0
2018,Pop,Colombia,16438860.0
2018,Pop,Costa Rica,12683832.0
2018,Pop,Denmark,186626744.0
2018,Pop,Ecuador,7010121.0
2018,Pop,Finland,73590772.0
2018,Pop,France,151382748.0
2018,Pop,Germany,708092614.0
2018,Pop,Global,11123759800.0
2018,Pop,Indonesia,289953763.0
2018,Pop,Ireland,167574865.0
2018,Pop,Italy,131120043.0
2018,Pop,Malaysia,160849604.0
2018,Pop,Mexico,198476758.0
2018,Pop,Netherlands,347128339.0
2018,Pop,New Zealand,166078571.0
2018,Pop,Norway,277134814.0
2018,Pop,Peru,18837910.0
2018,Pop,Philippines,772944192.0
2018,Pop,Poland,108177707.0
2018,Pop,Portugal,46233184.0
2018,Pop,Singapore,176214415.0
2018,Pop,Spain,171561835.0
2018,Pop,Sweden,346768126.0
2018,Pop,Switzerland,78664289.0
2018,Pop,Taiwan,67291670.0
2018,Pop,Turkey,49666007.0
2018,Pop,United States of America,2986497437.0
2018,Punk,Australia,483363.0
2018,Punk,Ireland,5225.0
2018,R&b,Argentina,1167043.0
2018,R&b,Australia,20837186.0
2018,R&b,Austria,547121.0
2018,R&b,Belgium,3273099.0
2018,R&b,Brazil,9145836.0
2018,R&b,Canada,38164530.0
2018,R&b,Chile,2319094.0
2018,R&b,Colombia,981673.0
2018,R&b,Costa Rica,656948.0
2018,R&b,Denmark,3876683.0
2018,R&b,Ecuador,314550.0
2018,R&b,Finland,1467167.0
2018,R&b,France,6795410.0
2018,R&b,Germany,9836026.0
2018,R&b,Global,687749802.0
2018,R&b,Indonesia,3284286.0
2018,R&b,Ireland,1756034.0
2018,R&b,Italy,2129245.0
2018,R&b,Malaysia,8572519.0
2018,R&b,Mexico,73815455.0
2018,R&b,Netherlands,7640797.0
2018,R&b,New Zealand,2793628.0
2018,R&b,Norway,5793167.0
2018,R&b,Peru,764310.0
2018,R&b,Philippines,6181784.0
2018,R&b,Poland,1874650.0
2018,R&b,Portugal,6037177.0
2018,R&b,Singapore,3032181.0
2018,R&b,Spain,2951403.0
2018,R&b,Sweden,7822545.0
2018,R&b,Switzerland,1356384.0
2018,R&b,Taiwan,1414220.0
2018,R&b,Turkey,4737198.0
2018,R&b,United States of America,425237246.0
2018,Rap,Argentina,7979940.0
2018,Rap,Australia,346332826.0
2018,Rap,Austria,11030570.0
2018,Rap,Belgium,31496164.0
2018,Rap,Brazil,28453905.0
2018,Rap,Canada,408235002.0
2018,Rap,Chile,13863728.0
2018,Rap,Colombia,3077057.0
2018,Rap,Costa Rica,4956157.0
2018,Rap,Denmark,81324796.0
2018,Rap,Ecuador,1393146.0
2018,Rap,Finland,46083080.0
2018,Rap,France,64097897.0
2018,Rap,Germany,155742813.0
2018,Rap,Global,7376158218.0
2018,Rap,Indonesia,15681906.0
2018,Rap,Ireland,45760158.0
2018,Rap,Italy,70069570.0
2018,Rap,Malaysia,11751220.0
2018,Rap,Mexico,40098007.0
2018,Rap,Netherlands,92760485.0
2018,Rap,New Zealand,76958234.0
2018,Rap,Norway,102615812.0
2018,Rap,Peru,2302863.0
2018,Rap,Philippines,39872850.0
2018,Rap,Poland,29433053.0
2018,Rap,Portugal,34060417.0
2018,Rap,Singapore,11534027.0
2018,Rap,Spain,29038535.0
2018,Rap,Sweden,157240020.0
2018,Rap,Switzerland,24426485.0
2018,Rap,Taiwan,4084792.0
2018,Rap,Turkey,17803415.0
2018,Rap,United States of America,4774264415.0
2018,Reggae,Australia,6669529.0
2018,Reggae,Chile,31294.0
2018,Reggae,Costa Rica,11084.0
2018,Reggae,Ireland,5705.0
2018,Reggae,New Zealand,2925753.0
2018,Reggae,United States of America,325570.0
2018,Rock,Argentina,28084942.0
2018,Rock,Australia,110104735.0
2018,Rock,Austria,14402870.0
2018,Rock,Belgium,23143924.0
2018,Rock,Brazil,171163756.0
2018,Rock,Canada,111534216.0
2018,Rock,Chile,24546958.0
2018,Rock,Colombia,10460483.0
2018,Rock,Costa Rica,8693483.0
2018,Rock,Denmark,12521001.0
2018,Rock,Ecuador,5158437.0
2018,Rock,Finland,19353502.0
2018,Rock,France,56292254.0
2018,Rock,Germany,147101753.0
2018,Rock,Global,2928599410.0
2018,Rock,Indonesia,26479344.0
2018,Rock,Ireland,19886355.0
2018,Rock,Italy,94129042.0
2018,Rock,Malaysia,11320700.0
2018,Rock,Mexico,168233225.0
2018,Rock,Netherlands,91987413.0
2018,Rock,New Zealand,29124203.0
2018,Rock,Norway,42856067.0
2018,Rock,Peru,6364951.0
2018,Rock,Philippines,43074634.0
2018,Rock,Poland,56490586.0
2018,Rock,Portugal,18174694.0
2018,Rock,Singapore,15067727.0
2018,Rock,Spain,54470599.0
2018,Rock,Sweden,74262748.0
2018,Rock,Switzerland,23059064.0
2018,Rock,Taiwan,4664838.0
2018,Rock,Turkey,42696362.0
2018,Rock,United States of America,711849930.0
2018,Soul,Argentina,19203.0
2018,Soul,Australia,763413.0
2018,Soul,Austria,148291.0
2018,Soul,Belgium,333851.0
2018,Soul,Brazil,154242.0
2018,Soul,Canada,1106471.0
2018,Soul,Chile,43373.0
2018,Soul,Colombia,13281.0
2018,Soul,Costa Rica,81956.0
2018,Soul,Denmark,72354.0
2018,Soul,Finland,294345.0
2018,Soul,France,370837.0
2018,Soul,Germany,1841151.0
2018,Soul,Global,17358213.0
2018,Soul,Indonesia,2359346.0
2018,Soul,Ireland,738941.0
2018,Soul,Italy,304232.0
2018,Soul,Malaysia,2102949.0
2018,Soul,Mexico,49898.0
2018,Soul,Netherlands,1710826.0
2018,Soul,New Zealand,174600.0
2018,Soul,Norway,2822798.0
2018,Soul,Philippines,76658.0
2018,Soul,Poland,1166121.0
2018,Soul,Portugal,35610.0
2018,Soul,Singapore,57434.0
2018,Soul,Spain,174253.0
2018,Soul,Sweden,2784077.0
2018,Soul,Switzerland,169391.0
2018,Soul,Taiwan,34552.0
2018,Soul,Turkey,1536454.0
2018,Soul,United States of America,3951910.0
2019,A Cappella,Australia,121583.0
2019,A Cappella,Austria,564816.0
2019,A Cappella,Canada,1207928.0
2019,A Cappella,Germany,4860571.0
2019,A Cappella,Global,8130872.0
2019,A Cappella,Italy,197148.0
2019,A Cappella,Netherlands,124700.0
2019,A Cappella,New Zealand,35770.0
2019,A Cappella,Norway,263663.0
2019,A Cappella,Poland,101637.0
2019,A Cappella,Sweden,336602.0
2019,A Cappella,Switzerland,115408.0
2019,A Cappella,United States of America,3709064.0
2019,Alternative Dance,Ireland,12610.0
2019,Alternative Dance,Portugal,3948.0
2019,Alternative Hip Hop,Australia,9688764.0
2019,Alternative Hip Hop,Austria,46776.0
2019,Alternative Hip Hop,Belgium,174192.0
2019,Alternative Hip Hop,Canada,39516427.0
2019,Alternative Hip Hop,Denmark,479322.0
2019,Alternative Hip Hop,Finland,144190.0
2019,Alternative Hip Hop,France,297693.0
2019,Alternative Hip Hop,Germany,1030150.0
2019,Alternative Hip Hop,Global,373737703.0
2019,Alternative Hip Hop,Ireland,29774.0
2019,Alternative Hip Hop,Malaysia,5960.0
2019,Alternative Hip Hop,Netherlands,85943.0
2019,Alternative Hip Hop,New Zealand,1641068.0
2019,Alternative Hip Hop,Norway,2143369.0
2019,Alternative Hip Hop,Poland,10987.0
2019,Alternative Hip Hop,Portugal,59732.0
2019,Alternative Hip Hop,Sweden,156648.0
2019,Alternative Hip Hop,Switzerland,588027.0
2019,Alternative Hip Hop,Taiwan,4322.0
2019,Alternative Hip Hop,United States of America,368874918.0
2019,Alternative Metal,Australia,1815611.0
2019,Alternative Metal,Austria,64607.0
2019,Alternative Metal,Belgium,384691.0
2019,Alternative Metal,Canada,1756809.0
2019,Alternative Metal,Chile,132270.0
2019,Alternative Metal,Colombia,33455.0
2019,Alternative Metal,Costa Rica,796422.0
2019,Alternative Metal,Denmark,21081.0
2019,Alternative Metal,Finland,2857930.0
2019,Alternative Metal,Germany,525404.0
2019,Alternative Metal,Global,23347402.0
2019,Alternative Metal,Ireland,123932.0
2019,Alternative Metal,Malaysia,11167.0
2019,Alternative Metal,New Zealand,1000817.0
2019,Alternative Metal,Norway,144816.0
2019,Alternative Metal,Philippines,10540796.0
2019,Alternative Metal,Poland,385384.0
2019,Alternative Metal,Portugal,264088.0
2019,Alternative Metal,Sweden,417152.0
2019,Alternative Metal,United States of America,13415104.0
2019,Alternative Pop,Australia,57941542.0
2019,Alternative Pop,Ireland,56739.0
2019,Alternative Pop,Malaysia,45532.0
2019,Alternative Pop,New Zealand,3380406.0
2019,Alternative Pop,Singapore,608126.0
2019,Alternative Pop,Taiwan,27451665.0
2019,Alternative R&b,Argentina,1530156.0
2019,Alternative R&b,Australia,125732651.0
2019,Alternative R&b,Austria,2818221.0
2019,Alternative R&b,Belgium,4461159.0
2019,Alternative R&b,Brazil,4309280.0
2019,Alternative R&b,Canada,103392919.0
2019,Alternative R&b,Chile,918406.0
2019,Alternative R&b,Colombia,404614.0
2019,Alternative R&b,Costa Rica,260015.0
2019,Alternative R&b,Denmark,14519338.0
2019,Alternative R&b,Ecuador,254674.0
2019,Alternative R&b,Finland,4710302.0
2019,Alternative R&b,France,5293655.0
2019,Alternative R&b,Germany,40238255.0
2019,Alternative R&b,Global,1479541052.0
2019,Alternative R&b,Indonesia,24099964.0
2019,Alternative R&b,Ireland,14909219.0
2019,Alternative R&b,Italy,9162934.0
2019,Alternative R&b,Malaysia,24103285.0
2019,Alternative R&b,Mexico,2454704.0
2019,Alternative R&b,Netherlands,17409572.0
2019,Alternative R&b,New Zealand,28932328.0
2019,Alternative R&b,Norway,14940499.0
2019,Alternative R&b,Peru,88786.0
2019,Alternative R&b,Philippines,80648058.0
2019,Alternative R&b,Poland,5119542.0
2019,Alternative R&b,Portugal,8693371.0
2019,Alternative R&b,Singapore,17190042.0
2019,Alternative R&b,Spain,4190338.0
2019,Alternative R&b,Sweden,13511635.0
2019,Alternative R&b,Switzerland,5938337.0
2019,Alternative R&b,Taiwan,4229220.0
2019,Alternative R&b,Turkey,3505415.0
2019,Alternative R&b,United States of America,814148077.0
2019,Alternative Rock,Argentina,4764638.0
2019,Alternative Rock,Australia,84141658.0
2019,Alternative Rock,Austria,3166439.0
2019,Alternative Rock,Belgium,6536303.0
2019,Alternative Rock,Brazil,103416.0
2019,Alternative Rock,Canada,19250742.0
2019,Alternative Rock,Colombia,1864979.0
2019,Alternative Rock,Costa Rica,1339206.0
2019,Alternative Rock,Denmark,3904688.0
2019,Alternative Rock,Ecuador,566888.0
2019,Alternative Rock,Finland,319293.0
2019,Alternative Rock,France,2698306.0
2019,Alternative Rock,Germany,56777139.0
2019,Alternative Rock,Global,582742725.0
2019,Alternative Rock,Indonesia,167890.0
2019,Alternative Rock,Ireland,19770467.0
2019,Alternative Rock,Italy,2563529.0
2019,Alternative Rock,Malaysia,1792260.0
2019,Alternative Rock,Mexico,16165785.0
2019,Alternative Rock,Netherlands,22308822.0
2019,Alternative Rock,New Zealand,12504914.0
2019,Alternative Rock,Norway,6583486.0
2019,Alternative Rock,Peru,536794.0
2019,Alternative Rock,Philippines,12075725.0
2019,Alternative Rock,Poland,2137117.0
2019,Alternative Rock,Portugal,601704.0
2019,Alternative Rock,Singapore,1099834.0
2019,Alternative Rock,Spain,1487546.0
2019,Alternative Rock,Sweden,2904909.0
2019,Alternative Rock,Switzerland,4198496.0
2019,Alternative Rock,Taiwan,956377.0
2019,Alternative Rock,United States of America,34228474.0
2019,Ambigious / Others,Argentina,18240632.0
2019,Ambigious / Others,Australia,216574019.0
2019,Ambigious / Others,Austria,10257644.0
2019,Ambigious / Others,Belgium,30591175.0
2019,Ambigious / Others,Brazil,28523550.0
2019,Ambigious / Others,Canada,156523740.0
2019,Ambigious / Others,Chile,13580497.0
2019,Ambigious / Others,Colombia,9736014.0
2019,Ambigious / Others,Costa Rica,8173549.0
2019,Ambigious / Others,Denmark,44952812.0
2019,Ambigious / Others,Ecuador,6558298.0
2019,Ambigious / Others,Finland,10909570.0
2019,Ambigious / Others,France,99757911.0
2019,Ambigious / Others,Germany,95611014.0
2019,Ambigious / Others,Global,2892837933.0
2019,Ambigious / Others,Indonesia,55048328.0
2019,Ambigious / Others,Ireland,42996999.0
2019,Ambigious / Others,Italy,27281112.0
2019,Ambigious / Others,Malaysia,46441255.0
2019,Ambigious / Others,Mexico,133873662.0
2019,Ambigious / Others,Netherlands,111138733.0
2019,Ambigious / Others,New Zealand,40512188.0
2019,Ambigious / Others,Norway,48979786.0
2019,Ambigious / Others,Peru,19531887.0
2019,Ambigious / Others,Philippines,93325052.0
2019,Ambigious / Others,Poland,47417942.0
2019,Ambigious / Others,Portugal,12669959.0
2019,Ambigious / Others,Singapore,50112828.0
2019,Ambigious / Others,Spain,122760418.0
2019,Ambigious / Others,Sweden,56423803.0
2019,Ambigious / Others,Switzerland,13098048.0
2019,Ambigious / Others,Taiwan,14466771.0
2019,Ambigious / Others,Turkey,5574896.0
2019,Ambigious / Others,United States of America,957658681.0
2019,Blues,Australia,1444754.0
2019,Blues,Austria,26773.0
2019,Blues,Belgium,267731.0
2019,Blues,Canada,2388106.0
2019,Blues,Denmark,395209.0
2019,Blues,Finland,27523.0
2019,Blues,Germany,309078.0
2019,Blues,Global,29560467.0
2019,Blues,Ireland,640071.0
2019,Blues,Malaysia,13213.0
2019,Blues,Netherlands,884439.0
2019,Blues,New Zealand,347815.0
2019,Blues,Norway,495399.0
2019,Blues,Philippines,82800.0
2019,Blues,Poland,131870.0
2019,Blues,Portugal,88350.0
2019,Blues,Singapore,37112.0
2019,Blues,Spain,46169.0
2019,Blues,Sweden,391830.0
2019,Blues,Switzerland,250450.0
2019,Blues,United States of America,14934745.0
2019,Country,Australia,8507542.0
2019,Country,Belgium,109243.0
2019,Country,Canada,86615862.0
2019,Country,Denmark,223040.0
2019,Country,Global,35334871.0
2019,Country,Ireland,573061.0
2019,Country,Malaysia,160938.0
2019,Country,Netherlands,397664.0
2019,Country,New Zealand,2258817.0
2019,Country,Norway,17315.0
2019,Country,Philippines,514643.0
2019,Country,Portugal,78872.0
2019,Country,Singapore,239325.0
2019,Country,Switzerland,37875.0
2019,Country,Taiwan,251288.0
2019,Country,United States of America,778818546.0
2019,Dance,Australia,1354241.0
2019,Dance,Austria,1123555.0
2019,Dance,Belgium,461732.0
2019,Dance,Canada,209790.0
2019,Dance,Costa Rica,80078.0
2019,Dance,Denmark,2197879.0
2019,Dance,Finland,299861.0
2019,Dance,France,15694140.0
2019,Dance,Germany,20683927.0
2019,Dance,Global,4013545.0
2019,Dance,Ireland,395339.0
2019,Dance,Italy,44746.0
2019,Dance,Netherlands,101547.0
2019,Dance,New Zealand,744972.0
2019,Dance,Norway,26190.0
2019,Dance,Poland,665576.0
2019,Dance,Sweden,80004.0
2019,Dance,Switzerland,911339.0
2019,Dance,Taiwan,4245.0
2019,Dance,United States of America,1741981.0
2019,EDM,Australia,27519776.0
2019,EDM,Austria,2625043.0
2019,EDM,Belgium,8692240.0
2019,EDM,Brazil,1063371.0
2019,EDM,Canada,10876948.0
2019,EDM,Colombia,72800.0
2019,EDM,Costa Rica,472480.0
2019,EDM,Denmark,6487714.0
2019,EDM,Ecuador,267416.0
2019,EDM,Finland,7643459.0
2019,EDM,France,13930025.0
2019,EDM,Germany,36779689.0
2019,EDM,Global,330427519.0
2019,EDM,Indonesia,16402727.0
2019,EDM,Ireland,8171810.0
2019,EDM,Italy,11539449.0
2019,EDM,Malaysia,6160975.0
2019,EDM,Mexico,12664699.0
2019,EDM,Netherlands,20451562.0
2019,EDM,New Zealand,3539193.0
2019,EDM,Norway,15910697.0
2019,EDM,Peru,530504.0
2019,EDM,Philippines,2049220.0
2019,EDM,Poland,10982623.0
2019,EDM,Portugal,1123730.0
2019,EDM,Singapore,6753102.0
2019,EDM,Spain,669484.0
2019,EDM,Sweden,27844734.0
2019,EDM,Switzerland,3726647.0
2019,EDM,Taiwan,3407356.0
2019,EDM,Turkey,2369048.0
2019,EDM,United States of America,35531819.0
2019,Electronica,Australia,29868282.0
2019,Electronica,Austria,717620.0
2019,Electronica,Belgium,772324.0
2019,Electronica,Canada,203686.0
2019,Electronica,Denmark,14247417.0
2019,Electronica,Finland,145896.0
2019,Electronica,France,6749082.0
2019,Electronica,Germany,29332787.0
2019,Electronica,Global,102124843.0
2019,Electronica,Ireland,29107630.0
2019,Electronica,Netherlands,899589.0
2019,Electronica,New Zealand,3910090.0
2019,Electronica,Norway,1439754.0
2019,Electronica,Poland,4103121.0
2019,Electronica,Sweden,571977.0
2019,Electronica,Switzerland,742399.0
2019,Electronica,United States of America,269987.0
2019,Folk,Australia,226620.0
2019,Folk,Austria,89512.0
2019,Folk,Belgium,26236.0
2019,Folk,Canada,886694.0
2019,Folk,Finland,38642.0
2019,Folk,Global,697812.0
2019,Folk,Indonesia,9156564.0
2019,Folk,Ireland,13147988.0
2019,Folk,Malaysia,6546.0
2019,Folk,New Zealand,25185.0
2019,Folk,Norway,197872.0
2019,Folk,Poland,456841.0
2019,Folk,Sweden,25038.0
2019,Folk,United States of America,282598.0
2019,Funk,Brazil,223639.0
2019,Funk,Netherlands,19378.0
2019,Hip Hop,Argentina,2260445.0
2019,Hip Hop,Australia,109253873.0
2019,Hip Hop,Austria,3315080.0
2019,Hip Hop,Belgium,2791197.0
2019,Hip Hop,Brazil,395259.0
2019,Hip Hop,Canada,120324318.0
2019,Hip Hop,Colombia,60926.0
2019,Hip Hop,Costa Rica,200121.0
2019,Hip Hop,Denmark,14834373.0
2019,Hip Hop,Finland,1666458.0
2019,Hip Hop,France,26459532.0
2019,Hip Hop,Germany,65371390.0
2019,Hip Hop,Global,689561396.0
2019,Hip Hop,Indonesia,25305068.0
2019,Hip Hop,Ireland,12522452.0
2019,Hip Hop,Italy,77586834.0
2019,Hip Hop,Malaysia,9567794.0
2019,Hip Hop,Mexico,3801215.0
2019,Hip Hop,Netherlands,52724541.0
2019,Hip Hop,New Zealand,16144712.0
2019,Hip Hop,Norway,3616634.0
2019,Hip Hop,Peru,7465.0
2019,Hip Hop,Philippines,32001839.0
2019,Hip Hop,Poland,19646877.0
2019,Hip Hop,Portugal,9651779.0
2019,Hip Hop,Singapore,196926.0
2019,Hip Hop,Sweden,1463042.0
2019,Hip Hop,Switzerland,2879334.0
2019,Hip Hop,Taiwan,171775.0
2019,Hip Hop,Turkey,9965232.0
2019,Hip Hop,United States of America,871700793.0
2019,Indie,Argentina,1890628.0
2019,Indie,Australia,8648790.0
2019,Indie,Belgium,110971.0
2019,Indie,Canada,280764.0
2019,Indie,Finland,1084222.0
2019,Indie,Global,4637336.0
2019,Indie,Indonesia,12475413.0
2019,Indie,Ireland,9975127.0
2019,Indie,Malaysia,1548967.0
2019,Indie,Netherlands,3326697.0
2019,Indie,New Zealand,161632.0
2019,Indie,Norway,1070731.0
2019,Indie,Portugal,4018.0
2019,Indie,Singapore,58177.0
2019,Indie,Sweden,6141612.0
2019,Indie,United States of America,5614655.0
2019,Jazz,Austria,3028.0
2019,Jazz,Belgium,448680.0
2019,Jazz,Germany,2064654.0
2019,Jazz,Ireland,782973.0
2019,Jazz,Italy,11441744.0
2019,Jazz,Netherlands,93342.0
2019,Jazz,Norway,74609.0
2019,Jazz,Switzerland,20282.0
2019,K-pop,Argentina,1329931.0
2019,K-pop,Australia,4348191.0
2019,K-pop,Austria,303162.0
2019,K-pop,Belgium,404733.0
2019,K-pop,Brazil,10359927.0
2019,K-pop,Canada,3701126.0
2019,K-pop,Chile,1742200.0
2019,K-pop,Colombia,240735.0
2019,K-pop,Costa Rica,173653.0
2019,K-pop,Denmark,239445.0
2019,K-pop,Ecuador,84395.0
2019,K-pop,Finland,617614.0
2019,K-pop,France,535619.0
2019,K-pop,Germany,4730141.0
2019,K-pop,Global,196864396.0
2019,K-pop,Indonesia,36107015.0
2019,K-pop,Ireland,386623.0
2019,K-pop,Italy,634036.0
2019,K-pop,Malaysia,11467837.0
2019,K-pop,Mexico,3803894.0
2019,K-pop,Netherlands,902516.0
2019,K-pop,New Zealand,741740.0
2019,K-pop,Norway,698591.0
2019,K-pop,Peru,969401.0
2019,K-pop,Philippines,35034623.0
2019,K-pop,Poland,1197359.0
2019,K-pop,Portugal,479325.0
2019,K-pop,Singapore,10662146.0
2019,K-pop,Spain,1312382.0
2019,K-pop,Sweden,1003259.0
2019,K-pop,Switzerland,408348.0
2019,K-pop,Taiwan,2785152.0
2019,K-pop,Turkey,7411958.0
2019,K-pop,United States of America,20604815.0
2019,Metal,Colombia,377106.0
2019,Metal,Costa Rica,321798.0
2019,Metal,Finland,40085.0
2019,Metal,Ireland,13713.0
2019,Metal,Norway,12488.0
2019,Pop,Argentina,43963409.0
2019,Pop,Australia,939963005.0
2019,Pop,Austria,65680720.0
2019,Pop,Belgium,141361211.0
2019,Pop,Brazil,171573693.0
2019,Pop,Canada,593518692.0
2019,Pop,Chile,26178739.0
2019,Pop,Colombia,14381027.0
2019,Pop,Costa Rica,10456845.0
2019,Pop,Denmark,168453369.0
2019,Pop,Ecuador,6132461.0
2019,Pop,Finland,89043087.0
2019,Pop,France,194454918.0
2019,Pop,Germany,645692662.0
2019,Pop,Global,14069745227.0
2019,Pop,Indonesia,431189201.0
2019,Pop,Ireland,268927162.0
2019,Pop,Italy,138526441.0
2019,Pop,Malaysia,205230571.0
2019,Pop,Mexico,201769683.0
2019,Pop,Netherlands,529162668.0
2019,Pop,New Zealand,187210300.0
2019,Pop,Norway,316653205.0
2019,Pop,Peru,12698106.0
2019,Pop,Philippines,841210707.0
2019,Pop,Poland,152808545.0
2019,Pop,Portugal,54825937.0
2019,Pop,Singapore,205602334.0
2019,Pop,Spain,112824369.0
2019,Pop,Sweden,359124215.0
2019,Pop,Switzerland,102246636.0
2019,Pop,Taiwan,85898511.0
2019,Pop,Turkey,45873153.0
2019,Pop,United States of America,3451351494.0
2019,Punk,Australia,162531.0
2019,Punk,Canada,30762.0
2019,Punk,United States of America,2084114.0
2019,R&b,Australia,9431374.0
2019,R&b,Austria,806655.0
2019,R&b,Belgium,2122807.0
2019,R&b,Brazil,1026660.0
2019,R&b,Canada,15675739.0
2019,R&b,Chile,250960.0
2019,R&b,Colombia,528994.0
2019,R&b,Costa Rica,284854.0
2019,R&b,Denmark,3154909.0
2019,R&b,Ecuador,293618.0
2019,R&b,Finland,2251718.0
2019,R&b,France,12069288.0
2019,R&b,Germany,18718679.0
2019,R&b,Global,243485140.0
2019,R&b,Indonesia,1104906.0
2019,R&b,Ireland,1557492.0
2019,R&b,Italy,3783340.0
2019,R&b,Malaysia,2873557.0
2019,R&b,Mexico,11385570.0
2019,R&b,Netherlands,9223029.0
2019,R&b,New Zealand,1300719.0
2019,R&b,Norway,5729349.0
2019,R&b,Peru,87304.0
2019,R&b,Philippines,15768989.0
2019,R&b,Poland,2647893.0
2019,R&b,Portugal,812312.0
2019,R&b,Singapore,2496751.0
2019,R&b,Spain,2050798.0
2019,R&b,Sweden,8038829.0
2019,R&b,Switzerland,1354844.0
2019,R&b,Taiwan,1145167.0
2019,R&b,Turkey,2454864.0
2019,R&b,United States of America,98120779.0
2019,Rap,Argentina,3241978.0
2019,Rap,Australia,414139785.0
2019,Rap,Austria,18589469.0
2019,Rap,Belgium,46739631.0
2019,Rap,Brazil,114052218.0
2019,Rap,Canada,568079937.0
2019,Rap,Chile,3736847.0
2019,Rap,Colombia,3164169.0
2019,Rap,Costa Rica,4829801.0
2019,Rap,Denmark,73156055.0
2019,Rap,Ecuador,1308888.0
2019,Rap,Finland,43485341.0
2019,Rap,France,68163571.0
2019,Rap,Germany,246018862.0
2019,Rap,Global,8191789559.0
2019,Rap,Indonesia,48911367.0
2019,Rap,Ireland,61614379.0
2019,Rap,Italy,91619030.0
2019,Rap,Malaysia,30512908.0
2019,Rap,Mexico,61689045.0
2019,Rap,Netherlands,129867617.0
2019,Rap,New Zealand,81025151.0
2019,Rap,Norway,108495851.0
2019,Rap,Peru,73803.0
2019,Rap,Philippines,63008608.0
2019,Rap,Poland,33894163.0
2019,Rap,Portugal,31196777.0
2019,Rap,Singapore,24383713.0
2019,Rap,Spain,26436218.0
2019,Rap,Sweden,136108081.0
2019,Rap,Switzerland,28966317.0
2019,Rap,Taiwan,12665339.0
2019,Rap,Turkey,15640447.0
2019,Rap,United States of America,5694256842.0
2019,Reggae,Australia,41554068.0
2019,Reggae,Costa Rica,4800.0
2019,Reggae,Netherlands,122339.0
2019,Reggae,New Zealand,6934103.0
2019,Rock,Argentina,15514432.0
2019,Rock,Australia,65967659.0
2019,Rock,Austria,4943174.0
2019,Rock,Belgium,14487583.0
2019,Rock,Brazil,107603647.0
2019,Rock,Canada,59396589.0
2019,Rock,Chile,5672202.0
2019,Rock,Colombia,7690031.0
2019,Rock,Costa Rica,6251868.0
2019,Rock,Denmark,1481849.0
2019,Rock,Ecuador,3839540.0
2019,Rock,Finland,5980855.0
2019,Rock,France,33874778.0
2019,Rock,Germany,47851945.0
2019,Rock,Global,1723557254.0
2019,Rock,Indonesia,3293918.0
2019,Rock,Ireland,4639131.0
2019,Rock,Italy,28561766.0
2019,Rock,Malaysia,3051170.0
2019,Rock,Mexico,127631010.0
2019,Rock,Netherlands,27719930.0
2019,Rock,New Zealand,21496420.0
2019,Rock,Norway,14731821.0
2019,Rock,Peru,6029965.0
2019,Rock,Philippines,9393371.0
2019,Rock,Poland,23478300.0
2019,Rock,Portugal,9376987.0
2019,Rock,Singapore,2610501.0
2019,Rock,Spain,6502586.0
2019,Rock,Sweden,14450012.0
2019,Rock,Switzerland,14559794.0
2019,Rock,Taiwan,562197.0
2019,Rock,Turkey,14952540.0
2019,Rock,United States of America,149100983.0
2019,Soul,Australia,485616.0
2019,Soul,Austria,172368.0
2019,Soul,Belgium,166735.0
2019,Soul,Canada,1020252.0
2019,Soul,Colombia,11310.0
2019,Soul,Costa Rica,222443.0
2019,Soul,Denmark,93806.0
2019,Soul,Finland,82895.0
2019,Soul,Germany,1491565.0
2019,Soul,Global,13763281.0
2019,Soul,Indonesia,365195.0
2019,Soul,Ireland,547010.0
2019,Soul,Italy,144857.0
2019,Soul,Malaysia,1135810.0
2019,Soul,Netherlands,1221411.0
2019,Soul,New Zealand,100103.0
2019,Soul,Norway,16717.0
2019,Soul,Philippines,79306.0
2019,Soul,Poland,727532.0
2019,Soul,Portugal,29495.0
2019,Soul,Singapore,34794.0
2019,Soul,Sweden,434086.0
2019,Soul,Switzerland,218582.0
2019,Soul,Taiwan,11226.0
2019,Soul,Turkey,13308.0
2019,Soul,United States of America,1454015.0
2020,A Cappella,Australia,125302.0
2020,A Cappella,Austria,707719.0
2020,A Cappella,Belgium,28812.0
2020,A Cappella,Canada,183448.0
2020,A Cappella,Germany,7022079.0
2020,A Cappella,Global,5445592.0
2020,A Cappella,Italy,516138.0
2020,A Cappella,Netherlands,364750.0
2020,A Cappella,New Zealand,14433.0
2020,A Cappella,Poland,60913.0
2020,A Cappella,Sweden,1130960.0
2020,A Cappella,Switzerland,295860.0
2020,A Cappella,United States of America,719092.0
2020,Alternative Country,United States of America,241247.0
2020,Alternative Dance,Australia,156086.0
2020,Alternative Dance,Ireland,6051.0
2020,Alternative Hip Hop,Argentina,73060.0
2020,Alternative Hip Hop,Australia,2851175.0
2020,Alternative Hip Hop,Austria,46707.0
2020,Alternative Hip Hop,Belgium,193186.0
2020,Alternative Hip Hop,Brazil,448107.0
2020,Alternative Hip Hop,Canada,26582415.0
2020,Alternative Hip Hop,Chile,64631.0
2020,Alternative Hip Hop,Colombia,44514.0
2020,Alternative Hip Hop,Costa Rica,18842.0
2020,Alternative Hip Hop,Denmark,68256.0
2020,Alternative Hip Hop,Ecuador,11502.0
2020,Alternative Hip Hop,Finland,45152.0
2020,Alternative Hip Hop,France,274002.0
2020,Alternative Hip Hop,Germany,677020.0
2020,Alternative Hip Hop,Global,271058286.0
2020,Alternative Hip Hop,Indonesia,76559.0
2020,Alternative Hip Hop,Ireland,218405.0
2020,Alternative Hip Hop,Italy,109900.0
2020,Alternative Hip Hop,Malaysia,36505.0
2020,Alternative Hip Hop,Mexico,273991.0
2020,Alternative Hip Hop,Netherlands,165916.0
2020,Alternative Hip Hop,New Zealand,1010936.0
2020,Alternative Hip Hop,Norway,188123.0
2020,Alternative Hip Hop,Peru,28202.0
2020,Alternative Hip Hop,Philippines,73110.0
2020,Alternative Hip Hop,Poland,87928.0
2020,Alternative Hip Hop,Portugal,581963.0
2020,Alternative Hip Hop,Singapore,30346.0
2020,Alternative Hip Hop,Spain,121523.0
2020,Alternative Hip Hop,Sweden,160154.0
2020,Alternative Hip Hop,Switzerland,339073.0
2020,Alternative Hip Hop,Taiwan,17142.0
2020,Alternative Hip Hop,Turkey,96300.0
2020,Alternative Hip Hop,United States of America,370551315.0
2020,Alternative Metal,Finland,190573.0
2020,Alternative Metal,New Zealand,15087.0
2020,Alternative Metal,Philippines,10308044.0
2020,Alternative Metal,United States of America,259842.0
2020,Alternative Pop,Australia,12714116.0
2020,Alternative Pop,Malaysia,19141.0
2020,Alternative Pop,New Zealand,116116.0
2020,Alternative Pop,Singapore,2889056.0
2020,Alternative Pop,Taiwan,35859877.0
2020,Alternative R&b,Argentina,14917050.0
2020,Alternative R&b,Australia,77782556.0
2020,Alternative R&b,Austria,7868769.0
2020,Alternative R&b,Belgium,16088693.0
2020,Alternative R&b,Brazil,54925856.0
2020,Alternative R&b,Canada,68230395.0
2020,Alternative R&b,Chile,10345662.0
2020,Alternative R&b,Colombia,4976718.0
2020,Alternative R&b,Costa Rica,3239677.0
2020,Alternative R&b,Denmark,10669525.0
2020,Alternative R&b,Ecuador,2755228.0
2020,Alternative R&b,Finland,7809992.0
2020,Alternative R&b,France,49207186.0
2020,Alternative R&b,Germany,89733664.0
2020,Alternative R&b,Global,1647652584.0
2020,Alternative R&b,Indonesia,61190184.0
2020,Alternative R&b,Ireland,8595686.0
2020,Alternative R&b,Italy,46461340.0
2020,Alternative R&b,Malaysia,22469859.0
2020,Alternative R&b,Mexico,41548882.0
2020,Alternative R&b,Netherlands,32620483.0
2020,Alternative R&b,New Zealand,16120288.0
2020,Alternative R&b,Norway,16104454.0
2020,Alternative R&b,Peru,4801652.0
2020,Alternative R&b,Philippines,69963408.0
2020,Alternative R&b,Poland,14194776.0
2020,Alternative R&b,Portugal,11245805.0
2020,Alternative R&b,Singapore,12550027.0
2020,Alternative R&b,Spain,15774722.0
2020,Alternative R&b,Sweden,17962206.0
2020,Alternative R&b,Switzerland,9606529.0
2020,Alternative R&b,Taiwan,5205117.0
2020,Alternative R&b,Turkey,30788136.0
2020,Alternative R&b,United States of America,490111778.0
2020,Alternative Rock,Argentina,530205.0
2020,Alternative Rock,Australia,44526567.0
2020,Alternative Rock,Austria,1918624.0
2020,Alternative Rock,Belgium,5969341.0
2020,Alternative Rock,Brazil,526688.0
2020,Alternative Rock,Canada,12373292.0
2020,Alternative Rock,Colombia,155770.0
2020,Alternative Rock,Costa Rica,368146.0
2020,Alternative Rock,Denmark,2233269.0
2020,Alternative Rock,Finland,886516.0
2020,Alternative Rock,France,1861224.0
2020,Alternative Rock,Germany,5417440.0
2020,Alternative Rock,Global,344054038.0
2020,Alternative Rock,Indonesia,29063.0
2020,Alternative Rock,Ireland,8465870.0
2020,Alternative Rock,Italy,625926.0
2020,Alternative Rock,Malaysia,251076.0
2020,Alternative Rock,Mexico,328598.0
2020,Alternative Rock,Netherlands,38833373.0
2020,Alternative Rock,New Zealand,6278026.0
2020,Alternative Rock,Norway,3212554.0
2020,Alternative Rock,Peru,29079.0
2020,Alternative Rock,Philippines,2321662.0
2020,Alternative Rock,Poland,5406983.0
2020,Alternative Rock,Portugal,836546.0
2020,Alternative Rock,Singapore,248379.0
2020,Alternative Rock,Spain,171925.0
2020,Alternative Rock,Sweden,1076109.0
2020,Alternative Rock,Switzerland,2291969.0
2020,Alternative Rock,Taiwan,8435.0
2020,Alternative Rock,Turkey,3843594.0
2020,Alternative Rock,United States of America,76101821.0
2020,Ambigious / Others,Argentina,1229807.0
2020,Ambigious / Others,Australia,175869474.0
2020,Ambigious / Others,Austria,9044511.0
2020,Ambigious / Others,Belgium,18326344.0
2020,Ambigious / Others,Brazil,1839165.0
2020,Ambigious / Others,Canada,110138848.0
2020,Ambigious / Others,Chile,1191970.0
2020,Ambigious / Others,Colombia,250480.0
2020,Ambigious / Others,Costa Rica,2350493.0
2020,Ambigious / Others,Denmark,26485491.0
2020,Ambigious / Others,Ecuador,905078.0
2020,Ambigious / Others,Finland,4448829.0
2020,Ambigious / Others,France,50897064.0
2020,Ambigious / Others,Germany,94622351.0
2020,Ambigious / Others,Global,1941997419.0
2020,Ambigious / Others,Indonesia,60405397.0
2020,Ambigious / Others,Ireland,27725231.0
2020,Ambigious / Others,Italy,21845270.0
2020,Ambigious / Others,Malaysia,25674697.0
2020,Ambigious / Others,Mexico,9942233.0
2020,Ambigious / Others,Netherlands,64950161.0
2020,Ambigious / Others,New Zealand,31421171.0
2020,Ambigious / Others,Norway,31019650.0
2020,Ambigious / Others,Peru,2376497.0
2020,Ambigious / Others,Philippines,40164849.0
2020,Ambigious / Others,Poland,31834933.0
2020,Ambigious / Others,Portugal,5956645.0
2020,Ambigious / Others,Singapore,25653472.0
2020,Ambigious / Others,Spain,18224505.0
2020,Ambigious / Others,Sweden,46703120.0
2020,Ambigious / Others,Switzerland,13585263.0
2020,Ambigious / Others,Taiwan,3936997.0
2020,Ambigious / Others,Turkey,5379865.0
2020,Ambigious / Others,United States of America,521675867.0
2020,Blues,Australia,1857753.0
2020,Blues,Austria,97825.0
2020,Blues,Belgium,277682.0
2020,Blues,Canada,4331299.0
2020,Blues,Denmark,674677.0
2020,Blues,Finland,16015.0
2020,Blues,Germany,716273.0
2020,Blues,Global,44053864.0
2020,Blues,Ireland,820971.0
2020,Blues,Italy,37679.0
2020,Blues,Malaysia,19567.0
2020,Blues,Netherlands,894111.0
2020,Blues,New Zealand,488531.0
2020,Blues,Norway,495960.0
2020,Blues,Philippines,199076.0
2020,Blues,Poland,33510.0
2020,Blues,Portugal,80017.0
2020,Blues,Singapore,58125.0
2020,Blues,Sweden,481192.0
2020,Blues,Switzerland,244591.0
2020,Blues,United States of America,28265156.0
2020,Country,Australia,4370332.0
2020,Country,Belgium,16647.0
2020,Country,Canada,89117809.0
2020,Country,Global,61520895.0
2020,Country,Ireland,94058.0
2020,Country,Netherlands,51262.0
2020,Country,New Zealand,1885632.0
2020,Country,Norway,18611.0
2020,Country,Portugal,8924.0
2020,Country,Switzerland,13791.0
2020,Country,United States of America,883272454.0
2020,Dance,Australia,11853162.0
2020,Dance,Austria,1155841.0
2020,Dance,Belgium,1830154.0
2020,Dance,Canada,805982.0
2020,Dance,Denmark,3628461.0
2020,Dance,Finland,477301.0
2020,Dance,France,6909713.0
2020,Dance,Germany,4179366.0
2020,Dance,Global,8681079.0
2020,Dance,Ireland,104330.0
2020,Dance,Italy,105992.0
2020,Dance,Netherlands,116756.0
2020,Dance,New Zealand,357891.0
2020,Dance,Norway,154003.0
2020,Dance,Poland,185320.0
2020,Dance,Singapore,27529.0
2020,Dance,Sweden,192880.0
2020,Dance,Switzerland,1606824.0
2020,Dance,Taiwan,284408.0
2020,Dance,United States of America,3369963.0
2020,EDM,Argentina,934461.0
2020,EDM,Australia,57066892.0
2020,EDM,Austria,7171147.0
2020,EDM,Belgium,9388505.0
2020,EDM,Brazil,11001837.0
2020,EDM,Canada,15503587.0
2020,EDM,Chile,428088.0
2020,EDM,Colombia,1436986.0
2020,EDM,Costa Rica,129742.0
2020,EDM,Denmark,5345888.0
2020,EDM,Ecuador,1779764.0
2020,EDM,Finland,6386755.0
2020,EDM,France,35788198.0
2020,EDM,Germany,107090416.0
2020,EDM,Global,485316102.0
2020,EDM,Ireland,7682185.0
2020,EDM,Italy,20149857.0
2020,EDM,Malaysia,590529.0
2020,EDM,Mexico,53324462.0
2020,EDM,Netherlands,22803920.0
2020,EDM,New Zealand,7860097.0
2020,EDM,Norway,6123157.0
2020,EDM,Peru,867912.0
2020,EDM,Poland,14351639.0
2020,EDM,Portugal,2118645.0
2020,EDM,Singapore,1082008.0
2020,EDM,Spain,2302692.0
2020,EDM,Sweden,12294735.0
2020,EDM,Switzerland,8371393.0
2020,EDM,Taiwan,165694.0
2020,EDM,Turkey,7660147.0
2020,EDM,United States of America,1371471.0
2020,Electronica,Australia,5177142.0
2020,Electronica,Belgium,23454.0
2020,Electronica,Canada,47078.0
2020,Electronica,Denmark,1785258.0
2020,Electronica,Germany,769330.0
2020,Electronica,Ireland,11470271.0
2020,Electronica,New Zealand,368730.0
2020,Electronica,United States of America,317907.0
2020,Folk,Australia,143130.0
2020,Folk,Austria,87127.0
2020,Folk,Finland,28498.0
2020,Folk,Indonesia,2742372.0
2020,Folk,Ireland,3223018.0
2020,Folk,Norway,1249297.0
2020,Folk,Sweden,105897.0
2020,Folk,Turkey,9170924.0
2020,Funk,Australia,87043.0
2020,Funk,Austria,4035.0
2020,Funk,Belgium,198975.0
2020,Funk,Canada,99689.0
2020,Funk,France,41359.0
2020,Funk,Global,2371976.0
2020,Funk,Ireland,160191.0
2020,Funk,Netherlands,233761.0
2020,Funk,New Zealand,45979.0
2020,Funk,Portugal,4884.0
2020,Funk,Switzerland,12772.0
2020,Funk,United States of America,1329818.0
2020,Hip Hop,Argentina,18233987.0
2020,Hip Hop,Australia,115011035.0
2020,Hip Hop,Austria,13907022.0
2020,Hip Hop,Belgium,24168287.0
2020,Hip Hop,Brazil,60401566.0
2020,Hip Hop,Canada,175563211.0
2020,Hip Hop,Chile,37505700.0
2020,Hip Hop,Colombia,11108569.0
2020,Hip Hop,Costa Rica,5889931.0
2020,Hip Hop,Denmark,31443869.0
2020,Hip Hop,Ecuador,4654284.0
2020,Hip Hop,Finland,11269796.0
2020,Hip Hop,France,92534172.0
2020,Hip Hop,Germany,242276505.0
2020,Hip Hop,Global,2388249210.0
2020,Hip Hop,Indonesia,27650886.0
2020,Hip Hop,Ireland,19339986.0
2020,Hip Hop,Italy,42149732.0
2020,Hip Hop,Malaysia,14072244.0
2020,Hip Hop,Mexico,41293957.0
2020,Hip Hop,Netherlands,79052940.0
2020,Hip Hop,New Zealand,22496791.0
2020,Hip Hop,Norway,31519082.0
2020,Hip Hop,Peru,12208683.0
2020,Hip Hop,Philippines,29919979.0
2020,Hip Hop,Poland,32519483.0
2020,Hip Hop,Portugal,21789593.0
2020,Hip Hop,Singapore,7191745.0
2020,Hip Hop,Spain,35689753.0
2020,Hip Hop,Sweden,40574679.0
2020,Hip Hop,Switzerland,23210468.0
2020,Hip Hop,Taiwan,4836091.0
2020,Hip Hop,Turkey,10076451.0
2020,Hip Hop,United States of America,1141852503.0
2020,Indie,Argentina,7643332.0
2020,Indie,Australia,62505015.0
2020,Indie,Austria,2727816.0
2020,Indie,Belgium,6640757.0
2020,Indie,Brazil,24718815.0
2020,Indie,Canada,28355302.0
2020,Indie,Chile,7479402.0
2020,Indie,Colombia,2287351.0
2020,Indie,Costa Rica,1455536.0
2020,Indie,Denmark,6472667.0
2020,Indie,Ecuador,1143105.0
2020,Indie,Finland,8537671.0
2020,Indie,France,22781637.0
2020,Indie,Germany,34426483.0
2020,Indie,Global,893211189.0
2020,Indie,Indonesia,26139822.0
2020,Indie,Ireland,16009650.0
2020,Indie,Italy,19256382.0
2020,Indie,Malaysia,9954235.0
2020,Indie,Mexico,44467684.0
2020,Indie,Netherlands,31178204.0
2020,Indie,New Zealand,7991402.0
2020,Indie,Norway,10713668.0
2020,Indie,Peru,3800074.0
2020,Indie,Philippines,18001002.0
2020,Indie,Poland,13334283.0
2020,Indie,Portugal,4095272.0
2020,Indie,Singapore,6467937.0
2020,Indie,Spain,11443226.0
2020,Indie,Sweden,10715833.0
2020,Indie,Switzerland,4120699.0
2020,Indie,Taiwan,2813132.0
2020,Indie,Turkey,12020589.0
2020,Indie,United States of America,202283569.0
2020,Jazz,Belgium,626170.0
2020,Jazz,Ireland,530232.0
2020,Jazz,Netherlands,558307.0
2020,K-pop,Argentina,9090962.0
2020,K-pop,Australia,15268533.0
2020,K-pop,Austria,1372855.0
2020,K-pop,Belgium,3250073.0
2020,K-pop,Brazil,33268617.0
2020,K-pop,Canada,15708218.0
2020,K-pop,Chile,9062707.0
2020,K-pop,Colombia,4843548.0
2020,K-pop,Costa Rica,1234806.0
2020,K-pop,Denmark,2479035.0
2020,K-pop,Ecuador,2179505.0
2020,K-pop,Finland,1805375.0
2020,K-pop,France,12407658.0
2020,K-pop,Germany,18059104.0
2020,K-pop,Global,742734642.0
2020,K-pop,Indonesia,108125109.0
2020,K-pop,Ireland,2153296.0
2020,K-pop,Italy,11060358.0
2020,K-pop,Malaysia,29832166.0
2020,K-pop,Mexico,30175670.0
2020,K-pop,Netherlands,11022774.0
2020,K-pop,New Zealand,3263838.0
2020,K-pop,Norway,3798193.0
2020,K-pop,Peru,10683777.0
2020,K-pop,Philippines,109121678.0
2020,K-pop,Poland,4875267.0
2020,K-pop,Portugal,2227232.0
2020,K-pop,Singapore,23397410.0
2020,K-pop,Spain,7871662.0
2020,K-pop,Sweden,3749316.0
2020,K-pop,Switzerland,1925176.0
2020,K-pop,Taiwan,12826078.0
2020,K-pop,Turkey,5553114.0
2020,K-pop,United States of America,92475492.0
2020,Metal,Australia,391633.0
2020,Metal,Austria,56290.0
2020,Metal,Belgium,13526.0
2020,Metal,Costa Rica,9385.0
2020,Metal,Finland,218587.0
2020,Metal,Germany,1058943.0
2020,Metal,Global,5992647.0
2020,Metal,Indonesia,68229.0
2020,Metal,Poland,18212.0
2020,Metal,Portugal,10556.0
2020,Metal,Switzerland,13163.0
2020,Metal,United States of America,511540.0
2020,Pop,Argentina,197988433.0
2020,Pop,Australia,959477976.0
2020,Pop,Austria,73823816.0
2020,Pop,Belgium,179586445.0
2020,Pop,Brazil,511692572.0
2020,Pop,Canada,648089301.0
2020,Pop,Chile,117088884.0
2020,Pop,Colombia,42891962.0
2020,Pop,Costa Rica,23642900.0
2020,Pop,Denmark,170249638.0
2020,Pop,Ecuador,18691080.0
2020,Pop,Finland,117645532.0
2020,Pop,France,235407484.0
2020,Pop,Germany,679890997.0
2020,Pop,Global,15749270233.0
2020,Pop,Indonesia,437034462.0
2020,Pop,Ireland,268064578.0
2020,Pop,Italy,254522593.0
2020,Pop,Malaysia,197058298.0
2020,Pop,Mexico,512156032.0
2020,Pop,Netherlands,534778286.0
2020,Pop,New Zealand,197999262.0
2020,Pop,Norway,351576175.0
2020,Pop,Peru,45994696.0
2020,Pop,Philippines,605375431.0
2020,Pop,Poland,213670360.0
2020,Pop,Portugal,65957798.0
2020,Pop,Singapore,175377343.0
2020,Pop,Spain,218610926.0
2020,Pop,Sweden,323483525.0
2020,Pop,Switzerland,117127427.0
2020,Pop,Taiwan,71637399.0
2020,Pop,Turkey,69102829.0
2020,Pop,United States of America,3157391281.0
2020,Punk,Australia,76331.0
2020,R&b,Argentina,58004862.0
2020,R&b,Australia,163553926.0
2020,R&b,Austria,18227015.0
2020,R&b,Belgium,42586186.0
2020,R&b,Brazil,172399752.0
2020,R&b,Canada,146037658.0
2020,R&b,Chile,59103247.0
2020,R&b,Colombia,26906514.0
2020,R&b,Costa Rica,10597602.0
2020,R&b,Denmark,51739943.0
2020,R&b,Ecuador,14159956.0
2020,R&b,Finland,34958009.0
2020,R&b,France,156805986.0
2020,R&b,Germany,265893494.0
2020,R&b,Global,4140150539.0
2020,R&b,Indonesia,37516105.0
2020,R&b,Ireland,33229995.0
2020,R&b,Italy,105136522.0
2020,R&b,Malaysia,26121678.0
2020,R&b,Mexico,331011837.0
2020,R&b,Netherlands,141971104.0
2020,R&b,New Zealand,27438766.0
2020,R&b,Norway,78342914.0
2020,R&b,Peru,32247032.0
2020,R&b,Philippines,65736383.0
2020,R&b,Poland,60121217.0
2020,R&b,Portugal,24965547.0
2020,R&b,Singapore,23485678.0
2020,R&b,Spain,89998877.0
2020,R&b,Sweden,134000233.0
2020,R&b,Switzerland,28941821.0
2020,R&b,Taiwan,14909932.0
2020,R&b,Turkey,44708678.0
2020,R&b,United States of America,881719872.0
2020,Rap,Argentina,12147673.0
2020,Rap,Australia,434601059.0
2020,Rap,Austria,33628837.0
2020,Rap,Belgium,67786299.0
2020,Rap,Brazil,105451942.0
2020,Rap,Canada,544040194.0
2020,Rap,Chile,10109637.0
2020,Rap,Colombia,6354003.0
2020,Rap,Costa Rica,5948418.0
2020,Rap,Denmark,65581313.0
2020,Rap,Ecuador,2700682.0
2020,Rap,Finland,46777341.0
2020,Rap,France,70449825.0
2020,Rap,Germany,340647179.0
2020,Rap,Global,9478134556.0
2020,Rap,Indonesia,43888943.0
2020,Rap,Ireland,78195924.0
2020,Rap,Italy,53874676.0
2020,Rap,Malaysia,35854960.0
2020,Rap,Mexico,102560688.0
2020,Rap,Netherlands,162227118.0
2020,Rap,New Zealand,81562788.0
2020,Rap,Norway,94986367.0
2020,Rap,Peru,2438856.0
2020,Rap,Philippines,83730186.0
2020,Rap,Poland,28347213.0
2020,Rap,Portugal,48717436.0
2020,Rap,Singapore,30598350.0
2020,Rap,Spain,20207313.0
2020,Rap,Sweden,107279671.0
2020,Rap,Switzerland,41302707.0
2020,Rap,Taiwan,15509566.0
2020,Rap,Turkey,16657184.0
2020,Rap,United States of America,5157062589.0
2020,Reggae,Australia,29673561.0
2020,Reggae,Chile,20470.0
2020,Reggae,Ireland,67697.0
2020,Reggae,Mexico,80011.0
2020,Reggae,Netherlands,152597.0
2020,Reggae,New Zealand,6606305.0
2020,Rock,Argentina,2059686.0
2020,Rock,Australia,28565695.0
2020,Rock,Austria,874488.0
2020,Rock,Belgium,6396340.0
2020,Rock,Brazil,59726420.0
2020,Rock,Canada,16405567.0
2020,Rock,Colombia,4911142.0
2020,Rock,Costa Rica,2904018.0
2020,Rock,Denmark,818465.0
2020,Rock,Ecuador,3369720.0
2020,Rock,Finland,2501955.0
2020,Rock,France,4433366.0
2020,Rock,Germany,7828891.0
2020,Rock,Global,792949242.0
2020,Rock,Indonesia,24715966.0
2020,Rock,Ireland,5757330.0
2020,Rock,Italy,142179.0
2020,Rock,Malaysia,2987944.0
2020,Rock,Mexico,64748228.0
2020,Rock,Netherlands,13696324.0
2020,Rock,New Zealand,7496926.0
2020,Rock,Norway,1221904.0
2020,Rock,Peru,639334.0
2020,Rock,Philippines,992457.0
2020,Rock,Poland,317919.0
2020,Rock,Portugal,820736.0
2020,Rock,Singapore,586250.0
2020,Rock,Spain,194300.0
2020,Rock,Sweden,3443134.0
2020,Rock,Switzerland,3024901.0
2020,Rock,Turkey,1410186.0
2020,Rock,United States of America,54167543.0
2020,Soul,Argentina,430106.0
2020,Soul,Australia,29875007.0
2020,Soul,Austria,1609995.0
2020,Soul,Belgium,6076501.0
2020,Soul,Brazil,10831181.0
2020,Soul,Canada,26266039.0
2020,Soul,Chile,54608.0
2020,Soul,Colombia,227639.0
2020,Soul,Costa Rica,435349.0
2020,Soul,Denmark,3418551.0
2020,Soul,Ecuador,96801.0
2020,Soul,Finland,1830647.0
2020,Soul,France,11681640.0
2020,Soul,Germany,19641301.0
2020,Soul,Global,506158723.0
2020,Soul,Indonesia,43208443.0
2020,Soul,Ireland,3623639.0
2020,Soul,Italy,6330465.0
2020,Soul,Malaysia,4481401.0
2020,Soul,Mexico,821846.0
2020,Soul,Netherlands,12257564.0
2020,Soul,New Zealand,6186262.0
2020,Soul,Norway,5887791.0
2020,Soul,Peru,8706.0
2020,Soul,Philippines,26860927.0
2020,Soul,Poland,4959379.0
2020,Soul,Portugal,2767197.0
2020,Soul,Singapore,2946636.0
2020,Soul,Spain,1313202.0
2020,Soul,Sweden,6002744.0
2020,Soul,Switzerland,3047635.0
2020,Soul,Taiwan,1144641.0
2020,Soul,United States of America,159569495.0
2021,A Cappella,Austria,599950.0
2021,A Cappella,Germany,709241.0
2021,A Cappella,Sweden,176979.0
2021,A Cappella,Switzerland,16311.0
2021,A Cappella,United States of America,972045.0
2021,Alternative Dance,Australia,4116840.0
2021,Alternative Dance,Ireland,5369.0
2021,Alternative Dance,New Zealand,6006.0
2021,Alternative Hip Hop,Australia,1081363.0
2021,Alternative Hip Hop,Canada,453553.0
2021,Alternative Hip Hop,Denmark,9077.0
2021,Alternative Hip Hop,Ireland,11571.0
2021,Alternative Hip Hop,New Zealand,1413924.0
2021,Alternative Hip Hop,United States of America,22291277.0
2021,Alternative Metal,Finland,5459.0
2021,Alternative Metal,Germany,745542.0
2021,Alternative Metal,Philippines,8493952.0
2021,Alternative Metal,United States of America,592393.0
2021,Alternative Pop,Singapore,479231.0
2021,Alternative Pop,Taiwan,14559603.0
2021,Alternative R&b,Australia,4201382.0
2021,Alternative R&b,Austria,797462.0
2021,Alternative R&b,Belgium,1404038.0
2021,Alternative R&b,Canada,6112786.0
2021,Alternative R&b,France,540210.0
2021,Alternative R&b,Germany,3637908.0
2021,Alternative R&b,Global,202647890.0
2021,Alternative R&b,Indonesia,5133684.0
2021,Alternative R&b,Italy,648782.0
2021,Alternative R&b,Malaysia,2573206.0
2021,Alternative R&b,New Zealand,637370.0
2021,Alternative R&b,Philippines,14062338.0
2021,Alternative R&b,Portugal,1319662.0
2021,Alternative R&b,Singapore,268844.0
2021,Alternative R&b,Switzerland,451188.0
2021,Alternative R&b,United States of America,54674282.0
2021,Alternative Rock,Argentina,379332.0
2021,Alternative Rock,Australia,60184914.0
2021,Alternative Rock,Austria,4575595.0
2021,Alternative Rock,Belgium,6313674.0
2021,Alternative Rock,Brazil,4041221.0
2021,Alternative Rock,Canada,25156281.0
2021,Alternative Rock,Costa Rica,967710.0
2021,Alternative Rock,Denmark,60502.0
2021,Alternative Rock,Finland,3823828.0
2021,Alternative Rock,France,41965.0
2021,Alternative Rock,Germany,425672.0
2021,Alternative Rock,Global,784108742.0
2021,Alternative Rock,Indonesia,2359809.0
2021,Alternative Rock,Ireland,9105586.0
2021,Alternative Rock,Malaysia,4522925.0
2021,Alternative Rock,Mexico,1924897.0
2021,Alternative Rock,Netherlands,312483.0
2021,Alternative Rock,New Zealand,6166062.0
2021,Alternative Rock,Norway,774865.0
2021,Alternative Rock,Peru,31101.0
2021,Alternative Rock,Philippines,18687703.0
2021,Alternative Rock,Poland,19731275.0
2021,Alternative Rock,Portugal,4189133.0
2021,Alternative Rock,Singapore,2332276.0
2021,Alternative Rock,Sweden,119386.0
2021,Alternative Rock,Switzerland,2337160.0
2021,Alternative Rock,Taiwan,6111.0
2021,Alternative Rock,Turkey,14114872.0
2021,Alternative Rock,United States of America,258016567.0
2021,Ambigious / Others,Argentina,126402.0
2021,Ambigious / Others,Australia,97598416.0
2021,Ambigious / Others,Austria,9462265.0
2021,Ambigious / Others,Belgium,11334904.0
2021,Ambigious / Others,Brazil,913624.0
2021,Ambigious / Others,Canada,44035975.0
2021,Ambigious / Others,Colombia,37910.0
2021,Ambigious / Others,Costa Rica,706759.0
2021,Ambigious / Others,Denmark,18749662.0
2021,Ambigious / Others,Finland,2405734.0
2021,Ambigious / Others,France,3973277.0
2021,Ambigious / Others,Germany,65991734.0
2021,Ambigious / Others,Global,1107264355.0
2021,Ambigious / Others,Indonesia,19423411.0
2021,Ambigious / Others,Ireland,13181928.0
2021,Ambigious / Others,Italy,10149232.0
2021,Ambigious / Others,Malaysia,9182502.0
2021,Ambigious / Others,Mexico,1222707.0
2021,Ambigious / Others,Netherlands,11020934.0
2021,Ambigious / Others,New Zealand,11202157.0
2021,Ambigious / Others,Norway,13091098.0
2021,Ambigious / Others,Peru,241320.0
2021,Ambigious / Others,Philippines,10386946.0
2021,Ambigious / Others,Poland,2925845.0
2021,Ambigious / Others,Portugal,297291.0
2021,Ambigious / Others,Singapore,9156085.0
2021,Ambigious / Others,Sweden,15882225.0
2021,Ambigious / Others,Switzerland,8883179.0
2021,Ambigious / Others,Turkey,3830309.0
2021,Ambigious / Others,United States of America,376349892.0
2021,Blues,Australia,730747.0
2021,Blues,Austria,99505.0
2021,Blues,Canada,2324228.0
2021,Blues,Denmark,52137.0
2021,Blues,Global,22149070.0
2021,Blues,Ireland,54731.0
2021,Blues,New Zealand,6565.0
2021,Blues,Norway,58688.0
2021,Blues,Sweden,24842.0
2021,Blues,Switzerland,24544.0
2021,Blues,United States of America,27545163.0
2021,Country,Australia,4459008.0
2021,Country,Canada,63912149.0
2021,Country,Global,3063747.0
2021,Country,New Zealand,2782260.0
2021,Country,United States of America,607575173.0
2021,Dance,Australia,2675394.0
2021,Dance,Austria,229518.0
2021,Dance,Belgium,294290.0
2021,Dance,Canada,931141.0
2021,Dance,Denmark,3693166.0
2021,Dance,Finland,34720.0
2021,Dance,France,1314629.0
2021,Dance,Germany,50319.0
2021,Dance,Global,7550721.0
2021,Dance,Ireland,345620.0
2021,Dance,Netherlands,892100.0
2021,Dance,New Zealand,378877.0
2021,Dance,Norway,35545.0
2021,Dance,Singapore,7113.0
2021,Dance,Sweden,101804.0
2021,Dance,Switzerland,563013.0
2021,Dance,United States of America,3701795.0
2021,EDM,Australia,18274247.0
2021,EDM,Austria,5019617.0
2021,EDM,Belgium,8117318.0
2021,EDM,Canada,10126567.0
2021,EDM,Chile,582660.0
2021,EDM,Colombia,715354.0
2021,EDM,Costa Rica,446113.0
2021,EDM,Denmark,5573943.0
2021,EDM,Ecuador,600040.0
2021,EDM,Finland,2397658.0
2021,EDM,France,6076541.0
2021,EDM,Germany,36524838.0
2021,EDM,Global,543655002.0
2021,EDM,Ireland,4934816.0
2021,EDM,Italy,8315110.0
2021,EDM,Malaysia,92146.0
2021,EDM,Mexico,10750592.0
2021,EDM,Netherlands,15427595.0
2021,EDM,New Zealand,768110.0
2021,EDM,Norway,4117985.0
2021,EDM,Peru,23871.0
2021,EDM,Poland,3926309.0
2021,EDM,Portugal,2448270.0
2021,EDM,Singapore,938662.0
2021,EDM,Sweden,11048012.0
2021,EDM,Switzerland,8813276.0
2021,EDM,United States of America,235386.0
2021,Electronica,Australia,199031.0
2021,Electronica,Ireland,58467.0
2021,Electronica,New Zealand,6731.0
2021,Folk,Australia,2462856.0
2021,Folk,Austria,222169.0
2021,Folk,Belgium,782058.0
2021,Folk,Canada,1178241.0
2021,Folk,Finland,157157.0
2021,Folk,Global,14387207.0
2021,Folk,Indonesia,2769834.0
2021,Folk,Ireland,2039057.0
2021,Folk,New Zealand,388960.0
2021,Folk,Norway,3440968.0
2021,Folk,Poland,1874211.0
2021,Folk,Sweden,912619.0
2021,Folk,Switzerland,115201.0
2021,Folk,Turkey,5246717.0
2021,Folk,United States of America,8276209.0
2021,Funk,Belgium,43359.0
2021,Funk,Ireland,86017.0
2021,Funk,Netherlands,262750.0
2021,Funk,United States of America,298076.0
2021,Hip Hop,Australia,32606827.0
2021,Hip Hop,Austria,3358639.0
2021,Hip Hop,Belgium,5120781.0
2021,Hip Hop,Canada,30401924.0
2021,Hip Hop,Chile,2721079.0
2021,Hip Hop,Colombia,276936.0
2021,Hip Hop,Costa Rica,311472.0
2021,Hip Hop,Denmark,4018088.0
2021,Hip Hop,Ecuador,248079.0
2021,Hip Hop,Finland,4960817.0
2021,Hip Hop,France,35087649.0
2021,Hip Hop,Germany,18287711.0
2021,Hip Hop,Global,349884843.0
2021,Hip Hop,Indonesia,490491.0
2021,Hip Hop,Ireland,2027489.0
2021,Hip Hop,Italy,6997535.0
2021,Hip Hop,Netherlands,3454918.0
2021,Hip Hop,New Zealand,7846269.0
2021,Hip Hop,Norway,2971690.0
2021,Hip Hop,Peru,705162.0
2021,Hip Hop,Poland,5390844.0
2021,Hip Hop,Portugal,4199600.0
2021,Hip Hop,Spain,2050070.0
2021,Hip Hop,Sweden,2422958.0
2021,Hip Hop,Switzerland,4225592.0
2021,Hip Hop,Turkey,148783.0
2021,Hip Hop,United States of America,130451687.0
2021,Indie,Australia,2524061.0
2021,Indie,Belgium,6163.0
2021,Indie,Canada,153395.0
2021,Indie,Denmark,10215.0
2021,Indie,Finland,602679.0
2021,Indie,France,40221.0
2021,Indie,Global,42355210.0
2021,Indie,Ireland,514067.0
2021,Indie,Malaysia,116200.0
2021,Indie,Netherlands,3899767.0
2021,Indie,New Zealand,53996.0
2021,Indie,Philippines,24567.0
2021,Indie,Portugal,12940.0
2021,Indie,Singapore,28369.0
2021,Indie,United States of America,1890622.0
2021,K-pop,Argentina,7425530.0
2021,K-pop,Australia,10436494.0
2021,K-pop,Austria,764293.0
2021,K-pop,Belgium,2505072.0
2021,K-pop,Brazil,20111495.0
2021,K-pop,Canada,11103342.0
2021,K-pop,Chile,6694301.0
2021,K-pop,Colombia,4315004.0
2021,K-pop,Costa Rica,955419.0
2021,K-pop,Denmark,654298.0
2021,K-pop,Ecuador,2276900.0
2021,K-pop,Finland,340460.0
2021,K-pop,France,4046837.0
2021,K-pop,Germany,9256944.0
2021,K-pop,Global,613959663.0
2021,K-pop,Indonesia,46384801.0
2021,K-pop,Ireland,903161.0
2021,K-pop,Italy,6566452.0
2021,K-pop,Malaysia,16911203.0
2021,K-pop,Mexico,29212518.0
2021,K-pop,Netherlands,2398392.0
2021,K-pop,New Zealand,2212895.0
2021,K-pop,Norway,692274.0
2021,K-pop,Peru,9491538.0
2021,K-pop,Philippines,58867882.0
2021,K-pop,Poland,1656903.0
2021,K-pop,Portugal,1409343.0
2021,K-pop,Singapore,10270331.0
2021,K-pop,Spain,7272287.0
2021,K-pop,Sweden,768282.0
2021,K-pop,Switzerland,1249616.0
2021,K-pop,Taiwan,7147227.0
2021,K-pop,Turkey,787830.0
2021,K-pop,United States of America,53149613.0
2021,Pop,Argentina,77717472.0
2021,Pop,Australia,527601928.0
2021,Pop,Austria,29486958.0
2021,Pop,Belgium,67056849.0
2021,Pop,Brazil,149474409.0
2021,Pop,Canada,236743205.0
2021,Pop,Chile,60030878.0
2021,Pop,Colombia,18098353.0
2021,Pop,Costa Rica,10016150.0
2021,Pop,Denmark,47607212.0
2021,Pop,Ecuador,7676799.0
2021,Pop,Finland,24985920.0
2021,Pop,France,61889256.0
2021,Pop,Germany,163007384.0
2021,Pop,Global,7006059138.0
2021,Pop,Indonesia,209151555.0
2021,Pop,Ireland,107740514.0
2021,Pop,Italy,40391410.0
2021,Pop,Malaysia,88899631.0
2021,Pop,Mexico,204704312.0
2021,Pop,Netherlands,132409042.0
2021,Pop,New Zealand,69910711.0
2021,Pop,Norway,121485546.0
2021,Pop,Peru,19992146.0
2021,Pop,Philippines,322178806.0
2021,Pop,Poland,50223480.0
2021,Pop,Portugal,30073358.0
2021,Pop,Singapore,79147293.0
2021,Pop,Spain,60039164.0
2021,Pop,Sweden,77141178.0
2021,Pop,Switzerland,47968155.0
2021,Pop,Taiwan,12651877.0
2021,Pop,Turkey,14202040.0
2021,Pop,United States of America,1712310644.0
2021,Punk,Australia,18234046.0
2021,R&b,Argentina,36369290.0
2021,R&b,Australia,79869595.0
2021,R&b,Austria,12195980.0
2021,R&b,Belgium,21146920.0
2021,R&b,Brazil,133985124.0
2021,R&b,Canada,87990104.0
2021,R&b,Chile,40711035.0
2021,R&b,Colombia,25420831.0
2021,R&b,Costa Rica,6474808.0
2021,R&b,Denmark,27388135.0
2021,R&b,Ecuador,9598489.0
2021,R&b,Finland,15531373.0
2021,R&b,France,82196507.0
2021,R&b,Germany,132620251.0
2021,R&b,Global,2709283062.0
2021,R&b,Indonesia,12937130.0
2021,R&b,Ireland,14818042.0
2021,R&b,Italy,55873174.0
2021,R&b,Malaysia,13721500.0
2021,R&b,Mexico,219582578.0
2021,R&b,Netherlands,46405839.0
2021,R&b,New Zealand,11593381.0
2021,R&b,Norway,30259104.0
2021,R&b,Peru,19979901.0
2021,R&b,Philippines,47797146.0
2021,R&b,Poland,35674936.0
2021,R&b,Portugal,16140569.0
2021,R&b,Singapore,13386342.0
2021,R&b,Spain,50871893.0
2021,R&b,Sweden,48051532.0
2021,R&b,Switzerland,17181697.0
2021,R&b,Taiwan,3551956.0
2021,R&b,Turkey,34394975.0
2021,R&b,United States of America,594785048.0
2021,Rap,Australia,144695598.0
2021,Rap,Austria,8566498.0
2021,Rap,Belgium,19832434.0
2021,Rap,Canada,157258337.0
2021,Rap,Costa Rica,18562.0
2021,Rap,Denmark,9746116.0
2021,Rap,Finland,3986781.0
2021,Rap,France,5509364.0
2021,Rap,Germany,57505399.0
2021,Rap,Global,2636364036.0
2021,Rap,Ireland,13798338.0
2021,Rap,Italy,1133855.0
2021,Rap,Malaysia,5569708.0
2021,Rap,Mexico,3056276.0
2021,Rap,Netherlands,18420149.0
2021,Rap,New Zealand,19303560.0
2021,Rap,Norway,7293855.0
2021,Rap,Philippines,26959714.0
2021,Rap,Poland,1461331.0
2021,Rap,Portugal,15048021.0
2021,Rap,Singapore,6065413.0
2021,Rap,Sweden,6459544.0
2021,Rap,Switzerland,4575885.0
2021,Rap,Taiwan,38350.0
2021,Rap,United States of America,1621373530.0
2021,Reggae,Australia,9966368.0
2021,Reggae,Costa Rica,9619.0
2021,Reggae,Ireland,40728.0
2021,Reggae,Netherlands,80869.0
2021,Reggae,New Zealand,2901988.0
2021,Rock,Australia,33258912.0
2021,Rock,Austria,1175017.0
2021,Rock,Belgium,11560136.0
2021,Rock,Brazil,8638668.0
2021,Rock,Canada,22802178.0
2021,Rock,Colombia,3663857.0
2021,Rock,Costa Rica,2605961.0
2021,Rock,Denmark,118013.0
2021,Rock,Ecuador,1640458.0
2021,Rock,Finland,4714679.0
2021,Rock,France,7497367.0
2021,Rock,Germany,1162185.0
2021,Rock,Global,770526502.0
2021,Rock,Indonesia,3696787.0
2021,Rock,Ireland,8992675.0
2021,Rock,Italy,18814890.0
2021,Rock,Malaysia,366269.0
2021,Rock,Mexico,29869174.0
2021,Rock,Netherlands,19818180.0
2021,Rock,New Zealand,6757318.0
2021,Rock,Norway,263330.0
2021,Rock,Peru,40474.0
2021,Rock,Philippines,2225149.0
2021,Rock,Poland,8199666.0
2021,Rock,Singapore,92260.0
2021,Rock,Sweden,329993.0
2021,Rock,Switzerland,7625165.0
2021,Rock,United States of America,86677830.0
2021,Soul,Australia,9805227.0
2021,Soul,Austria,257331.0
2021,Soul,Belgium,1840890.0
2021,Soul,Canada,3884585.0
2021,Soul,Chile,26082.0
2021,Soul,Colombia,209214.0
2021,Soul,Costa Rica,323401.0
2021,Soul,Denmark,1410849.0
2021,Soul,Ecuador,11445.0
2021,Soul,Germany,385220.0
2021,Soul,Global,169729403.0
2021,Soul,Indonesia,5916812.0
2021,Soul,Ireland,3783140.0
2021,Soul,Malaysia,1649819.0
2021,Soul,Mexico,739092.0
2021,Soul,Netherlands,5331690.0
2021,Soul,New Zealand,1931022.0
2021,Soul,Norway,1477262.0
2021,Soul,Philippines,3584587.0
2021,Soul,Poland,128696.0
2021,Soul,Portugal,499623.0
2021,Soul,Singapore,757750.0
2021,Soul,Spain,223433.0
2021,Soul,Sweden,3864763.0
2021,Soul,Switzerland,805982.0
2021,Soul,Taiwan,142725.0
2021,Soul,United States of America,22091536.0
